mask_id,Slice_Seperation,file_name,DJID,Sex,Eye,Age_Months,Genotype,Experimental_Condition,Time_Condition,eGFP_Value,eGFP_Raw_Intensity,In_Rip,Length_um,WGA_Middle_Integral,GLUT1_Middle_Integral,WGA_Top_Integral,GLUT1_Top_Integral,WGA_Bottom_Integral,GLUT1_Bottom_Integral,GLUT1_Top_Surface_Integral,GLUT1_Bot_Surface_Integral,WGA_Top_Surface_Integral,WGA_Bot_Surface_Integral,Top_Surface_Ratio,Bot_Surface_Ratio
0,0.15,2007R_GLUT1_647_WGA_594_0002.nd2,2007,M,R,5.5,Homo,Experimental,0,False,3.063057703747769,False,6.75,1076.068709101725,156.84741225461033,151.95508625817965,19.454491374182034,147.11511005353955,19.81945270672219,71.05264723378941,41.17251635930993,521.9193932183225,279.63920285544316,0.13613720462781806,0.14723442185105096
1,0.15,2007R_GLUT1_647_WGA_594_0002.nd2,2007,M,R,5.5,Homo,Experimental,0,False,3.536082474226804,False,6.6,663.3120274914089,110.40549828178693,140.4923253150057,18.55876288659794,154.03505154639177,19.876975945017186,60.587170675830464,35.99954180985108,397.5791523482245,260.08293241695304,0.15239021039705938,0.1384156256441244
2,0.15,2007R_GLUT1_647_WGA_594_0002.nd2,2007,M,R,5.5,Homo,Experimental,0,False,11.292817083692839,False,6.3,621.9592320966349,188.7832182916307,137.00194132873165,24.00970664365833,132.0681622088007,20.472497842968078,88.1038610871441,53.523188093183784,368.77491371872304,274.68226919758416,0.23890958362298975,0.19485490726991023
3,0.15,2007R_GLUT1_647_WGA_594_0002.nd2,2007,M,R,5.5,Homo,Experimental,0,False,3.4254881808838644,False,7.35,757.79753340185,130.4830421377184,140.24563206577596,19.926002055498458,103.91572456320658,14.013360739979444,67.42959917780061,28.505652620760536,405.9465570400822,205.80678314491263,0.1661046214296203,0.1385068664169788
4,0.15,2007R_GLUT1_647_WGA_594_0002.nd2,2007,M,R,5.5,Homo,Experimental,0,False,3.5732620320855615,False,6.1499999999999995,700.1294117647059,115.72532814778803,149.07233835683033,21.578512396694215,138.41759844433642,21.235585804569762,72.61526494895479,42.87467185221196,445.5454545454546,277.88167233835685,0.1629805987428081,0.1542911106422539
5,0.15,2007R_GLUT1_647_WGA_594_0002.nd2,2007,M,R,5.5,Homo,Experimental,0,False,3.427007299270073,False,6.1499999999999995,1011.2372262773722,162.46350364963504,157.29927007299273,20.284671532846716,167.2080291970803,22.934306569343065,80.51824817518248,50.215328467153284,563.7007299270072,327.8321167883212,0.14283864451551923,0.1531739140115334
6,0.15,2007R_GLUT1_647_WGA_594_0002.nd2,2007,M,R,5.5,Homo,Experimental,0,False,3.664005322687957,False,5.85,839.6016300731868,134.74001996007988,148.25182967398536,20.212408516300734,173.72687957418495,22.561543579507653,71.79906852960745,49.58349966733199,481.60628742514973,341.82019294743844,0.14908249830680692,0.14505725726670696
7,0.15,2007R_GLUT1_647_WGA_594_0002.nd2,2007,M,R,5.5,Homo,Experimental,0,True,44.88659565024412,False,6.1499999999999995,799.0641367066136,144.56724367509986,163.725477141589,23.256324900133155,179.15978695073238,23.55925432756325,82.53550821127385,50.40434975588104,497.8386595650245,345.5972037283622,0.16578766358439784,0.14584709949070834
8,0.15,2007R_GLUT1_647_WGA_594_0002.nd2,2007,M,R,5.5,Homo,Experimental,0,False,4.122935779816514,False,6.1499999999999995,928.8721712538227,143.866870540265,158.66014271151883,21.96371049949032,170.52293577981652,22.548419979612635,79.95107033639144,46.621406727828756,552.483995922528,324.194495412844,0.14471201143644088,0.14380690415011194
9,0.15,2007R_GLUT1_647_WGA_594_0002.nd2,2007,M,R,5.5,Homo,Experimental,0,False,5.385964912280702,False,3.75,816.2729705619981,123.46476360392508,184.0341956586381,24.846862920011894,219.08415105560513,34.504014272970565,92.07433838834373,68.28843294677371,632.2809991079394,445.4219446922391,0.1456224977790695,0.15331178393996076
10,0.15,2007R_GLUT1_647_WGA_594_0002.nd2,2007,M,R,5.5,Homo,Experimental,0,False,3.026165167620605,False,4.6499999999999995,410.15944399018804,63.49059689288636,200.0915780866721,33.695012264922326,135.00981193785773,17.38103025347506,58.852003270645945,36.44726083401472,361.7269010629599,264.03679476696647,0.1626973362990289,0.13803856718599516
11,0.15,2007R_GLUT1_647_WGA_594_0002.nd2,2007,M,R,5.5,Homo,Experimental,0,False,4.715485305013583,False,7.05,649.5947147443812,136.71103976290445,137.4448011854779,20.85206223758953,135.57792047419116,19.37046184243023,67.12324030624845,41.04198567547543,358.154112126451,256.64633242775994,0.18741440635072118,0.15991650956877715
12,0.15,2007R_GLUT1_647_WGA_594_0002.nd2,2007,M,R,5.5,Homo,Experimental,0,False,4.005497251374313,False,4.8,891.3423288355822,131.23063468265866,166.58920539730136,24.897801099450277,187.255872063968,27.11819090454773,86.58420789605198,56.36456771614193,572.9037981009495,381.8340829585207,0.15113219389199312,0.14761533931025458
13,0.15,2007R_GLUT1_647_WGA_594_0002.nd2,2007,M,R,5.5,Homo,Experimental,0,False,3.3873363990095506,False,6.3,815.0451008135832,136.5095507605235,157.25733993632826,21.341174389812522,163.19649805447472,21.239830208701804,68.76812875840113,42.831269897417755,463.8714184648037,301.2764414573753,0.14824825591969282,0.14216601102372467
14,0.15,2007R_GLUT1_647_WGA_594_0002.nd2,2007,M,R,5.5,Homo,Experimental,0,False,4.172609060402684,False,6.6,978.5333473154362,158.05180369127515,167.16988255033556,23.3376677852349,150.1570889261745,19.690436241610737,80.4616191275168,38.25419463087248,520.2776845637584,279.71057046979865,0.15465129778722325,0.13676349294422865
15,0.15,2007R_GLUT1_647_WGA_594_0002.nd2,2007,M,R,5.5,Homo,Experimental,0,False,16.16010165184244,False,6.6,1039.0182511262562,190.82407300450504,167.97285433753032,24.942589811713066,139.51357283123482,20.836548457895347,85.22964075314775,49.81852835855377,536.1592930576412,267.99838281159754,0.15896328172751623,0.18589115290884467
16,0.15,2007R_GLUT1_647_WGA_594_0002.nd2,2007,M,R,5.5,Homo,Experimental,0,False,5.902180318208603,False,3.3,393.6538008249853,67.54920447849145,197.90748379493223,41.44932233352976,153.63347083087803,21.611078373600474,75.73747790218033,48.61991750147319,397.03741897466114,311.70565704183855,0.19075652390087164,0.15598022173510698
17,0.15,2007R_GLUT1_647_WGA_594_0002.nd2,2007,M,R,5.5,Homo,Experimental,0,False,5.867217280813215,False,3.3,767.9878380831366,124.14349246687242,189.09393719368308,29.01887819931022,231.12062080232346,37.46487565801416,102.66772554002542,78.23053185696133,636.2390633508804,488.93574151388646,0.16136658601140472,0.1600016632343894
18,0.15,2007R_GLUT1_647_WGA_594_0002.nd2,2007,M,R,5.5,Homo,Experimental,0,False,3.387384176764077,False,6.0,766.5464480874316,134.26870990734142,157.62698978379663,24.51366120218579,177.5105725825612,24.04727963886909,78.0312425754336,55.144333570919464,476.55072463768124,355.99821810406274,0.16374173522610902,0.1549005887293517
19,0.15,2007R_GLUT1_647_WGA_594_0002.nd2,2007,M,R,5.5,Homo,Experimental,0,True,55.70365296803653,False,6.6,749.0445205479452,147.80616438356162,138.79543378995433,20.85593607305936,144.31529680365296,22.38949771689498,67.20251141552511,43.35114155251141,380.6582191780823,264.4728310502283,0.17654291443024364,0.16391529285016887
20,0.15,2007R_GLUT1_647_WGA_594_0002.nd2,2007,M,R,5.5,Homo,Experimental,0,False,3.1630129286115793,False,6.0,702.9308600337268,127.79258010118042,148.2282181000562,22.97751545812254,159.07054525014053,24.643057897695332,71.06070826306915,48.03822372119168,412.4156829679595,294.5036537380551,0.17230360337337083,0.1631158836620718
21,0.15,2007R_GLUT1_647_WGA_594_0002.nd2,2007,M,R,5.5,Homo,Experimental,0,False,3.1619217081850532,False,6.45,807.1503558718862,142.67348754448398,167.86254448398577,24.47508896797153,156.44039145907473,20.304270462633454,78.79137010676156,39.89056939501779,481.45195729537363,283.4092526690392,0.16365364999113002,0.14075253019915113
22,0.15,2007R_GLUT1_647_WGA_594_0002.nd2,2007,M,R,5.5,Homo,Experimental,0,False,3.2155818540433927,False,6.45,746.5439842209073,138.89546351084815,160.4741617357002,27.060946745562127,138.94950690335307,19.86706114398422,83.18836291913215,40.23510848126234,455.4414201183432,266.2439842209073,0.18265436397400184,0.15112119283746356
23,0.15,2007R_GLUT1_647_WGA_594_0002.nd2,2007,M,R,5.5,Homo,Experimental,0,False,2.8038730015762217,False,6.3,767.8912407115514,155.9052015311867,124.02792163927043,18.18914658860617,167.0029272686332,24.382346318396756,74.34519252420625,49.9335735194776,426.43210988516097,304.6262103129925,0.17434238839150168,0.16391752196297438
24,0.15,2007R_GLUT1_647_WGA_594_0002.nd2,2007,M,R,5.5,Homo,Experimental,0,False,3.1969135802469135,False,6.45,684.8753086419754,135.2117283950617,144.19876543209875,23.890123456790125,145.71358024691358,20.357407407407408,73.98024691358025,44.38148148148148,402.3135802469136,282.6524691358025,0.18388702381902206,0.1570178446244461
25,0.15,2007R_GLUT1_647_WGA_594_0002.nd2,2007,M,R,5.5,Homo,Experimental,0,True,39.398938858009096,False,6.1499999999999995,859.5699848408287,177.03713996968168,157.1856998484083,26.390601313794846,156.90955027791816,25.241030823648305,89.03031834259727,56.6278423446185,481.5808489135928,310.6427488630622,0.18487096931583227,0.18229249693377275
26,0.15,2007R_GLUT1_647_WGA_594_0002.nd2,2007,M,R,5.5,Homo,Experimental,0,False,4.6337040205303675,True,6.6,651.6328485885373,115.34747647562017,113.08776732249787,17.26124893071001,136.78340461933277,19.145765611633877,61.79366980325065,38.927972626176214,355.70367835757054,261.82891360136864,0.17372232440377708,0.14867713458660864
27,0.15,2007R_GLUT1_647_WGA_594_0002.nd2,2007,M,R,5.5,Homo,Experimental,0,False,12.35375345217173,False,6.8999999999999995,795.1954556866683,170.6217675119257,120.68679387396435,18.642606075822243,134.16947024855637,19.756967110218426,77.06515189555611,37.93484810444389,387.80831031885515,245.63055485814712,0.19871970209249334,0.15443863702686114
28,0.15,2007R_GLUT1_647_WGA_594_0002.nd2,2007,M,R,5.5,Homo,Experimental,0,False,5.635208711433757,True,5.7,635.5938697318007,126.22444041137327,144.86327888687234,22.618471466021376,181.61322847348254,25.23069167170801,74.15366001209921,51.76628352490422,411.7257511595079,344.741076830006,0.1801044986942561,0.15015989391490617
29,0.15,2007R_GLUT1_647_WGA_594_0002.nd2,2007,M,R,5.5,Homo,Experimental,0,False,4.592581775700935,False,,,,220.1734813084112,44.92085280373831,,,78.21582943925233,,429.13522196261687,,0.1822638306907978,
30,0.15,2007R_GLUT1_647_WGA_594_0002.nd2,2007,M,R,5.5,Homo,Experimental,0,False,3.1530982440864896,False,6.1499999999999995,611.5594253373965,139.67218110579017,141.26324190973733,22.022347990132054,143.0873603250617,20.87258743288347,73.41532433609055,46.0121898127993,383.13466840806853,269.50486141343777,0.19161754440320566,0.1707286079051971
31,0.15,2007R_GLUT1_647_WGA_594_0002.nd2,2007,M,R,5.5,Homo,Experimental,0,False,2.757078592220164,False,6.3,692.4165123048426,497.40513363323635,124.50145541148451,30.743582958454617,159.51309870336067,25.165652288965337,186.9748610743583,54.52950516009527,399.3966657845991,295.3979888859487,0.46814326981687115,0.18459673799996237
32,0.15,2007R_GLUT1_647_WGA_594_0002.nd2,2007,M,R,5.5,Homo,Experimental,0,False,3.643957345971564,True,6.0,599.1579778830964,132.0128357030016,116.41192733017377,16.847946287519747,172.93285939968405,26.279028436018958,64.82385466034755,59.90363349131121,356.7928515007899,333.3394549763033,0.18168484706931984,0.1797076001566322
33,0.15,2007R_GLUT1_647_WGA_594_0002.nd2,2007,M,R,5.5,Homo,Experimental,0,False,7.9587478057343475,True,6.3,772.5345231129317,155.7105032182563,123.11307782328846,19.50438853130486,156.20114101813925,23.539789350497365,80.63385020479812,51.91778818022235,441.9587478057344,313.83206553540083,0.18244655322501097,0.16543175118721554
34,0.15,2007R_GLUT1_647_WGA_594_0002.nd2,2007,M,R,5.5,Homo,Experimental,0,False,3.1275429633070133,False,6.1499999999999995,765.0779377612633,136.25898745935902,169.4566651184394,26.365164886205292,155.67087784486762,22.41848583372039,85.87803065490013,45.888248954946576,505.9884811890385,298.2363214119833,0.16972329182888235,0.15386539351642756
35,0.15,2007R_GLUT1_647_WGA_594_0002.nd2,2007,M,R,5.5,Homo,Experimental,0,True,46.10826904858573,False,6.8999999999999995,787.7787251319529,151.65286236297197,117.41859520909459,17.848829340912168,133.79496548924075,19.448098524834215,67.40316686967114,40.107186358099874,369.60725402625525,257.7604547300041,0.18236429652130995,0.15559867940220265
36,0.15,2007R_GLUT1_647_WGA_594_0002.nd2,2007,M,R,5.5,Homo,Experimental,0,True,39.961089494163424,False,6.45,644.8967847634651,190.34671308621748,119.08253123080073,19.329920131066967,156.47839442965392,25.132295719844358,87.70284661069016,63.03706737661274,361.74953921769406,313.61478599221783,0.2424407970231366,0.20100157961996398
37,0.15,2007R_GLUT1_647_WGA_594_0002.nd2,2007,M,R,5.5,Homo,Experimental,0,True,101.14232983906689,True,5.3999999999999995,674.3471135390522,134.8020079728333,158.29145135095231,24.11855898420198,193.52546877306955,26.84187213937694,79.93710320389782,57.816624833899304,432.5067178502879,367.7677543186179,0.1848228013687594,0.15720960893110142
38,0.15,2007R_GLUT1_647_WGA_594_0002.nd2,2007,M,R,5.5,Homo,Experimental,0,False,3.0350262697022767,False,6.3,731.7040280210158,554.1963972979736,124.4348261195897,32.67025268951714,160.02752064048036,24.878909181886414,219.3750312734551,55.98849136852639,408.20515386539904,305.1323492619465,0.5374136734828966,0.18348920232139015
39,0.15,2007R_GLUT1_647_WGA_594_0002.nd2,2007,M,R,5.5,Homo,Experimental,0,False,3.496626881162429,True,6.8999999999999995,791.9311537796228,150.16536931326758,120.20532779795883,18.960560456668397,138.80972150147034,20.174364296834458,73.69019200830307,38.528109323646426,379.3468258086836,256.9467220204117,0.19425545963436458,0.1499459071541912
40,0.15,2007R_GLUT1_647_WGA_594_0002.nd2,2007,M,R,5.5,Homo,Experimental,0,False,3.9423750811161584,False,6.8999999999999995,728.0506164828033,194.44231018818954,117.72783906554186,20.291109669046072,140.79065541855937,20.624529526281638,99.17261518494483,44.8136275146009,389.3670343932511,276.59312134977284,0.2547021355813675,0.16202003613072755
41,0.15,2007R_GLUT1_647_WGA_594_0002.nd2,2007,M,R,5.5,Homo,Experimental,0,True,100.92678490222829,True,5.25,669.4015461573442,142.61391541609822,159.74533879035926,24.85993633469759,195.5206912232833,27.142792178262845,86.04956798544794,57.95043201455207,444.6371077762619,359.86903137789903,0.1935276351895205,0.16103200598469455
42,0.15,2007R_GLUT1_647_WGA_594_0002.nd2,2007,M,R,5.5,Homo,Experimental,0,False,3.714502427184466,False,6.8999999999999995,753.757281553398,158.2281553398058,120.828125,18.45509708737864,140.36316747572815,22.632888349514563,73.6741504854369,47.28489077669903,382.25227548543694,269.29020024271847,0.19273698342769902,0.1755908337328276
43,0.15,2007R_GLUT1_647_WGA_594_0002.nd2,2007,M,R,5.5,Homo,Experimental,0,False,4.103362672083051,True,6.8999999999999995,872.0514556533515,149.044233807267,125.88512751071993,19.308282554728052,138.50372376438727,20.259535093658318,75.18776799819454,39.13405551794177,441.73301737756714,256.337621304446,0.17021088539987608,0.15266606329105004
44,0.15,2007R_GLUT1_647_WGA_594_0002.nd2,2007,M,R,5.5,Homo,Experimental,0,False,4.660119555935098,True,6.75,761.3835549591313,164.1301695742345,128.07697938270098,20.655117725997314,148.69915822862026,22.186531657923627,77.57752836403562,45.28498231060143,393.2020251311455,272.9401000365988,0.1972968687995974,0.1659154602219649
45,0.15,2007R_GLUT1_647_WGA_594_0002.nd2,2007,M,R,5.5,Homo,Experimental,0,False,4.543139293139293,True,6.0,748.7844074844074,158.76943866943867,126.57255717255717,21.920062370062368,172.43586278586275,24.6968814968815,86.96839916839916,56.32193347193347,424.21496881496876,359.3126819126819,0.2050102084123591,0.1567490831999648
46,0.15,2007R_GLUT1_647_WGA_594_0002.nd2,2007,M,R,5.5,Homo,Experimental,0,False,3.232438339057134,False,5.85,651.1403371838901,131.43100218545115,119.34514517639714,17.849672182329066,182.78410864814236,28.13986887293163,66.22026225413674,57.76443958788636,362.9867311895099,349.22260380892914,0.1824316333468513,0.165408650407667
47,0.15,2007R_GLUT1_647_WGA_594_0002.nd2,2007,M,R,5.5,Homo,Experimental,0,False,9.743229970534587,False,5.7,704.7045039988775,190.56587624526452,134.5105935176091,21.414760768906973,193.12908657219026,31.506243861372244,86.33758944857586,76.67588045460924,439.7053458678266,360.4478742809036,0.1963532858081933,0.2127239080202047
48,0.15,2007R_GLUT1_647_WGA_594_0002.nd2,2007,M,R,5.5,Homo,Experimental,0,False,3.470173535791757,True,6.6,711.7373915401301,161.09896963123646,126.48508676789587,18.612662689804772,163.18533080260303,24.941838394793926,72.07931127982647,55.5570770065076,385.037554229935,323.25338937093284,0.1872007301313328,0.17186850573979884
49,0.15,2007R_GLUT1_647_WGA_594_0002.nd2,2007,M,R,5.5,Homo,Experimental,0,False,4.176926298157454,True,6.6,765.5496231155779,149.33814907872696,123.73136515912898,18.89175041876047,152.4884840871022,22.952261306532662,72.36704355108878,45.12416247906199,387.4183417085427,281.73283082077046,0.1867930238716756,0.16016650366094023
50,0.15,2007R_GLUT1_647_WGA_594_0002.nd2,2007,M,R,5.5,Homo,Experimental,0,False,3.124031007751938,False,6.0,641.7018087855297,121.15934539190353,123.63893195521102,20.23755383290267,160.91937984496124,20.70559862187769,79.72799310938846,42.97450473729543,406.4985357450473,315.54521963824294,0.19613353087055949,0.1361912716870298
51,0.15,2007R_GLUT1_647_WGA_594_0002.nd2,2007,M,R,5.5,Homo,Experimental,0,False,3.3077341554084687,False,6.0,708.1953939613745,153.62308459515822,137.34907969897543,20.681838788648108,166.82301205911688,24.3778221053586,82.53830809683562,55.65617916402211,446.6169190316438,334.98766887297126,0.18480783996225542,0.16614396389954034
52,0.15,2007R_GLUT1_647_WGA_594_0002.nd2,2007,M,R,5.5,Homo,Experimental,0,False,4.248270561106841,False,6.0,679.2263643351268,138.39584934665643,116.05726364335126,17.20023059185242,186.717524980784,26.913143735588005,66.38009223674095,57.56341275941584,381.96079938508836,352.8455034588778,0.1737877089575816,0.16314055923947615
53,0.15,2007R_GLUT1_647_WGA_594_0002.nd2,2007,M,R,5.5,Homo,Experimental,0,True,28.14132475194422,False,6.45,768.562885492089,167.76883883078574,125.29069455618128,20.97358541163851,145.14065433091983,23.79243765084473,82.37114507910968,49.0631536604988,397.4467685706624,272.4101635827299,0.20725076058698624,0.1801076472890062
54,0.15,2007R_GLUT1_647_WGA_594_0002.nd2,2007,M,R,5.5,Homo,Experimental,0,False,3.0052454888795634,True,6.8999999999999995,858.1735207721359,191.44649601342846,142.6684851028116,24.10805707091901,159.425304238355,24.059588753671846,98.44020142677297,46.845153168275274,470.2247167436005,285.3078052874528,0.2093471438687675,0.16419162848025812
55,0.15,2007R_GLUT1_647_WGA_594_0002.nd2,2007,M,R,5.5,Homo,Experimental,0,False,3.1094452773613193,True,4.5,523.616620261298,169.41207967444845,235.0985221674877,54.88027414863996,188.20839580209895,38.05932747911758,111.4392803598201,105.54529877918185,443.4067252088241,370.10023559648744,0.25132519202846404,0.2851803069216516
56,0.15,2007R_GLUT1_647_WGA_594_0002.nd2,2007,M,R,5.5,Homo,Experimental,0,False,3.314802844214609,False,6.1499999999999995,712.2824822236587,129.7345399698341,123.1094591682827,17.63843999138117,156.48588666235727,22.888170652876536,65.88924800689507,47.85649644473173,407.00926524455934,302.95065718595134,0.16188635894395242,0.15796795718900644
57,0.15,2007R_GLUT1_647_WGA_594_0002.nd2,2007,M,R,5.5,Homo,Experimental,0,False,3.5513369602963305,False,6.6,801.2104410232665,186.60261604352357,131.76629239495313,21.427364278272947,154.27341127445305,26.77995138326195,84.53316356059729,51.953929852992246,415.15325847899067,282.7304086121079,0.20361917396554696,0.18375784234892986
58,0.15,2007R_GLUT1_647_WGA_594_0002.nd2,2007,M,R,5.5,Homo,Experimental,0,False,3.880518889394629,True,6.8999999999999995,826.8249886208466,144.81588529813382,147.62357760582614,24.325443786982248,161.7130177514793,22.804050978607194,79.54619936276741,44.527992717341824,446.51206190259444,301.3249886208466,0.17815016916636,0.1477739795864419
59,0.15,2007R_GLUT1_647_WGA_594_0002.nd2,2007,M,R,5.5,Homo,Experimental,0,False,2.8614471079832855,True,6.3,724.7004618429735,145.83901473499014,130.2966791290961,20.53133934462283,143.28590279305035,20.363756322850232,81.24653617769958,43.138113041565866,427.5436551572466,286.18143831097433,0.19003097156901524,0.15073693561736365
60,0.15,2007R_GLUT1_647_WGA_594_0002.nd2,2007,M,R,5.5,Homo,Experimental,0,False,3.8419838523644754,False,6.1499999999999995,646.4671280276817,114.09688581314879,159.54786620530564,22.573241061130332,135.62975778546712,17.243367935409456,71.94232987312571,39.923875432525946,449.32410611303345,278.19838523644745,0.1601123307081763,0.14350865264222756
61,0.15,2007R_GLUT1_647_WGA_594_0002.nd2,2007,M,R,5.5,Homo,Experimental,0,False,3.9661741835147746,False,6.1499999999999995,661.0878693623639,159.89307931570764,133.52682737169516,20.51827371695179,149.848367029549,24.585536547433904,80.5077760497667,58.165629860031096,399.56181959564543,308.60575427682744,0.20149016272685957,0.1884787598868134
62,0.15,2007R_GLUT1_647_WGA_594_0002.nd2,2007,M,R,5.5,Homo,Experimental,0,True,51.86365567039502,False,5.55,694.4687809712585,126.92835905422626,130.0610222285148,22.069375619425173,172.8800792864222,22.68667704941243,86.66784652413988,44.905988956534046,452.7060739062721,323.20869318986263,0.1914439666698254,0.13893806046285673
63,0.15,2007R_GLUT1_647_WGA_594_0002.nd2,2007,M,R,5.5,Homo,Experimental,0,False,3.560693641618497,False,6.1499999999999995,667.5194605009634,128.82254335260114,135.4460500963391,19.33063583815029,162.14585741811175,23.934874759152216,67.34816955684008,52.30096339113681,410.2254335260116,318.1254335260116,0.16417355934750852,0.16440359015451184
64,0.15,2007R_GLUT1_647_WGA_594_0002.nd2,2007,M,R,5.5,Homo,Experimental,0,False,2.7314814814814814,False,6.8999999999999995,742.1527777777777,153.28395061728398,157.59104938271605,22.66358024691358,154.9050925925926,26.935185185185183,79.85493827160494,53.17746913580247,446.1913580246914,279.26311728395063,0.17897015895853796,0.1904206672653174
65,0.15,2007R_GLUT1_647_WGA_594_0002.nd2,2007,M,R,5.5,Homo,Experimental,0,False,4.674098671726755,True,6.0,581.0287001897533,129.12689753320683,120.67741935483869,18.587760910815938,164.52893738140418,24.368833017077797,69.94307400379508,53.88875711574953,363.26992409867177,322.6207305502846,0.19253747520479306,0.16703439057940597
66,0.15,2007R_GLUT1_647_WGA_594_0002.nd2,2007,M,R,5.5,Homo,Experimental,0,True,107.36720867208672,False,7.35,920.3592721641503,184.08149438637244,139.60530391018196,21.741579558652727,145.77235772357724,22.381920247773905,82.46631823461091,47.695702671312425,448.5001935733643,289.88056523422375,0.18387131023862383,0.1645357032913685
67,0.15,2007R_GLUT1_647_WGA_594_0002.nd2,2007,M,R,5.5,Homo,Experimental,0,False,2.6800825593395254,True,6.6,803.9244066047472,271.2061403508772,145.6362229102167,25.787151702786378,179.6916924664603,25.871775025799796,138.12616099071207,46.98503611971104,457.687048503612,301.9574303405573,0.30179171869142807,0.15560152325683724
68,0.15,2007R_GLUT1_647_WGA_594_0002.nd2,2007,M,R,5.5,Homo,Experimental,0,True,29.145907963626343,True,6.0,680.8947368421052,151.40369247726647,127.80945163957014,19.44185726095343,146.607054284927,22.1172499311105,77.57178286029209,52.93882612289886,393.63323229539816,300.9109947643979,0.19706614303865258,0.1759285205392644
69,0.15,2007R_GLUT1_647_WGA_594_0002.nd2,2007,M,R,5.5,Homo,Experimental,0,False,7.484615384615385,False,5.85,636.6636363636364,128.56433566433563,151.83776223776223,22.186013986013982,125.60699300699301,19.71748251748252,79.76293706293707,42.6972027972028,424.51608391608397,262.8076923076923,0.18789143706202702,0.16246557481739685
70,0.15,2007R_GLUT1_647_WGA_594_0002.nd2,2007,M,R,5.5,Homo,Experimental,0,False,3.8979591836734695,False,6.1499999999999995,731.1665513663094,145.7257004496714,133.52870978900035,20.138014527845034,153.49757869249396,23.1189899688689,74.55084745762711,47.81494292632307,411.92943618125213,287.07644413697676,0.18097965551756337,0.1665582248312525
71,0.15,2007R_GLUT1_647_WGA_594_0002.nd2,2007,M,R,5.5,Homo,Experimental,0,False,3.1526015228426396,False,6.75,821.9373413705586,184.03791243654825,151.91243654822333,23.658312182741117,169.31551395939087,25.378965736040612,92.65958121827411,49.46399111675127,482.8018718274111,293.6169098984771,0.1919205094784667,0.16846438147535256
72,0.15,2007R_GLUT1_647_WGA_594_0002.nd2,2007,M,R,5.5,Homo,Experimental,0,False,2.8007572172266917,True,6.75,733.709417889257,159.29531471840983,154.3469001419782,22.46687174633223,168.06838618078558,25.990771415049693,88.33033601514435,51.9190724088973,453.2439659252248,300.0572645527686,0.1948847478528085,0.1730305463068258
73,0.15,2007R_GLUT1_647_WGA_594_0002.nd2,2007,M,R,5.5,Homo,Experimental,0,False,2.9460921469875023,True,6.1499999999999995,721.6252564819996,179.337250512964,132.56202201081888,29.548964745383326,157.09867562022012,26.473232605857113,110.45457936952062,53.13971274016042,429.96884909531803,298.35217310203313,0.25688972492291967,0.17811069444427083
74,0.15,2007R_GLUT1_647_WGA_594_0002.nd2,2007,M,R,5.5,Homo,Experimental,0,False,3.9696386572589266,False,5.55,627.8840068419928,154.12999786187723,139.7804147958093,21.124973273465898,195.08317297412873,35.73102416078683,85.99347872567884,71.19595894804361,426.5299337181955,346.31056232627753,0.20161182587127394,0.20558413947815465
75,0.15,2007R_GLUT1_647_WGA_594_0002.nd2,2007,M,R,5.5,Homo,Experimental,0,False,3.086281951110615,False,5.85,653.9787922759238,128.84339770063625,133.29043420024556,20.24946980689809,150.0898537783235,21.098894965956024,75.76314320794732,46.53264873311753,409.21430963277146,300.9373814041746,0.18514294692171712,0.15462568497139198
76,0.15,2007R_GLUT1_647_WGA_594_0002.nd2,2007,M,R,5.5,Homo,Experimental,0,False,4.218186372745491,False,6.75,832.0217935871744,195.19952404809615,146.937750501002,23.037199398797597,167.47231963927857,27.77830661322645,84.53957915831663,61.75851703406813,434.2314629258517,310.54797094188376,0.19468782521811967,0.1988694913921227
77,0.15,2007R_GLUT1_647_WGA_594_0002.nd2,2007,M,R,5.5,Homo,Experimental,0,False,4.178272980501393,False,7.949999999999999,927.8939182915507,198.233286908078,143.13370473537606,22.506731662024144,144.06081708449395,22.3897400185701,85.43337975858867,45.21518105849581,419.5478180129991,277.5777623026927,0.20363204404972413,0.1628919430843657
78,0.15,2007R_GLUT1_647_WGA_594_0002.nd2,2007,M,R,5.5,Homo,Experimental,0,True,94.19200908918765,False,6.1499999999999995,670.7799659155462,140.93486082181406,126.76652149214164,18.201855709145995,163.9350501798902,26.261503503124413,69.41147509941298,60.69494413936754,390.61654989585304,327.989206589661,0.1776972202481426,0.18505165084685682
79,0.15,2007R_GLUT1_647_WGA_594_0002.nd2,2007,M,R,5.5,Homo,Experimental,0,False,12.207917442057182,False,6.6,839.6967518186431,170.1168161055659,135.79098291321264,21.508966333953648,137.03806462527493,22.357130773134834,81.0708847910675,44.94112671290814,407.94028083234645,271.9947555405177,0.1987322375364684,0.16522791633831146
80,0.15,2007R_GLUT1_647_WGA_594_0002.nd2,2007,M,R,5.5,Homo,Experimental,0,False,3.105250245338567,False,6.8999999999999995,716.634200196271,148.36113837095186,125.71516192345436,18.21884200196271,144.24190382728165,21.481599607458293,67.02060843964671,41.85868498527968,377.0922473012758,255.1908734052993,0.1777300088222205,0.16402892637464692
81,0.15,2007R_GLUT1_647_WGA_594_0002.nd2,2007,M,R,5.5,Homo,Experimental,0,False,4.613978494623656,False,6.45,847.4232974910394,217.51756272401434,153.43978494623656,26.138709677419357,155.85555555555553,25.571326164874556,113.24014336917561,65.82222222222222,499.92759856630823,311.1555555555556,0.22651308648277382,0.21154120839880014
82,0.15,2007R_GLUT1_647_WGA_594_0002.nd2,2007,M,R,5.5,Homo,Experimental,0,False,2.718550821871855,False,5.1,605.1019792016102,167.07212344850726,134.46997651794698,22.460248238846027,211.58973498825898,37.98859443139886,83.85743039248574,82.10030191211004,379.90506541429056,404.89734988258977,0.22073259355212416,0.20276818787753761
83,0.15,2007R_GLUT1_647_WGA_594_0002.nd2,2007,M,R,5.5,Homo,Experimental,0,True,88.88603473227207,False,4.6499999999999995,492.6758321273516,130.49819102749638,233.67221418234442,55.913350217076704,154.39598408104195,28.00578871201158,106.36215629522432,62.22648335745296,436.2865412445731,284.6666063675832,0.24378968003874302,0.21859425013519637
84,0.15,2007R_GLUT1_647_WGA_594_0002.nd2,2007,M,R,5.5,Homo,Experimental,0,False,3.9426487414187643,False,6.6,754.4821224256292,179.71610411899312,131.89502288329518,20.521596109839816,156.77517162471398,24.393735697940503,83.26973684210526,52.67634439359268,419.7734553775744,304.4312070938215,0.19836827644855837,0.17303201237630855
85,0.15,2007R_GLUT1_647_WGA_594_0002.nd2,2007,M,R,5.5,Homo,Experimental,0,False,3.94686928702011,False,7.05,996.4984003656307,201.92401736745884,153.74680073126143,24.150594149908592,163.77650822669102,24.91601919561243,98.17927330895796,50.42481718464351,502.64225319926874,308.2365173674589,0.19532634330690765,0.16359131492694107
86,0.15,2007R_GLUT1_647_WGA_594_0002.nd2,2007,M,R,5.5,Homo,Experimental,0,False,4.202994751466502,False,6.6,823.8831429453535,166.10805804260576,145.95322630441495,21.602809509107747,181.58552022229085,28.466810744056808,82.6776782957703,60.987496140784195,474.6324482865082,350.31074405680766,0.17419305948054897,0.17409542006765924
87,0.15,2007R_GLUT1_647_WGA_594_0002.nd2,2007,M,R,5.5,Homo,Experimental,0,False,5.0740561471442405,False,6.75,889.2571797353986,246.23588254275572,148.6369796708616,27.93756050338819,150.7913843175218,24.581639238464017,128.55388835108099,61.2647628267183,498.1689254598258,290.134882220071,0.25805280454300045,0.2111595901807084
88,0.15,2007R_GLUT1_647_WGA_594_0002.nd2,2007,M,R,5.5,Homo,Experimental,0,False,4.095532539805225,False,6.6,735.9526974802907,137.90384912660383,143.0491575204823,21.774153655897354,153.26325552635646,21.641830267429278,79.24053176688824,44.327098469624374,426.05982377492654,303.5483073117947,0.18598451988457945,0.14602979954717077
89,0.15,2007R_GLUT1_647_WGA_594_0002.nd2,2007,M,R,5.5,Homo,Experimental,0,False,2.8913258249357834,False,6.1499999999999995,716.1643943884607,220.71013633669236,124.72297964829085,32.52855166963051,163.84647302904565,23.557794902193244,142.5180794309425,53.846077850227225,410.2149772772179,320.4706579727327,0.34742290585511865,0.1680218656860895
90,0.15,2007R_GLUT1_647_WGA_594_0002.nd2,2007,M,R,5.5,Homo,Experimental,0,True,49.361566888396155,False,5.7,702.4440502586845,167.75905395417593,149.88765705838875,23.061049519586106,208.46282335550626,34.201034737620105,85.59039172209903,77.75565410199555,428.62128603104213,404.61759053954177,0.19968768353679078,0.19217072099685883
91,0.15,2007R_GLUT1_647_WGA_594_0002.nd2,2007,M,R,5.5,Homo,Experimental,0,False,5.5433321542270955,False,5.7,655.5995755217547,147.2969579059073,142.04987619384505,22.689246551114255,192.1146091262823,33.250795896710294,83.00336045277679,67.27431906614785,424.3887513264945,360.77626459143966,0.19558331881638377,0.1864710228161282
92,0.15,2007R_GLUT1_647_WGA_594_0002.nd2,2007,M,R,5.5,Homo,Experimental,0,False,6.908480990882505,False,6.75,825.3428522277652,216.8856012386031,145.37966626526747,51.74333390676072,154.0237398933425,23.783244452090145,166.92533975571993,48.40237398933426,506.00774126956816,279.1066574918287,0.3298869288776215,0.17341891599540696
93,0.15,2007R_GLUT1_647_WGA_594_0002.nd2,2007,M,R,5.5,Homo,Experimental,0,True,34.361739130434785,False,6.3,730.8001449275362,139.91507246376813,124.19623188405797,17.547101449275363,202.00347826086957,33.43739130434783,63.766231884057966,69.30014492753622,376.3979710144928,387.1442028985508,0.16941173118492373,0.1790034421507171
94,0.15,2007R_GLUT1_647_WGA_594_0002.nd2,2007,M,R,5.5,Homo,Experimental,0,True,33.699979830576844,False,6.6,890.7130899556273,201.9649052037112,130.0850141185962,28.291044776119403,148.61668011294879,22.254235578862446,101.70058491327147,49.00584913271481,445.41680112948774,273.6991730536506,0.22832678214063584,0.17905004456520102
95,0.15,2007R_GLUT1_647_WGA_594_0002.nd2,2007,M,R,5.5,Homo,Experimental,0,False,7.709963861641714,False,7.199999999999999,904.39494062984,198.30820856995354,140.71801755291688,21.956427465152295,171.4893133711926,26.47052142488384,81.78771295818275,55.689829633453805,436.0681466184822,324.1251419721218,0.18755718250097078,0.1718158279688273
96,0.15,2007R_GLUT1_647_WGA_594_0002.nd2,2007,M,R,5.5,Homo,Experimental,0,False,3.887147999153081,False,6.45,715.781706542452,160.03874655939026,148.44802032606393,23.541181452466653,174.3514715223375,27.379631590091044,84.93097607452889,58.034723692568285,431.9000635189499,342.5759051450349,0.19664497240992532,0.16940690463329106
97,0.15,2007R_GLUT1_647_WGA_594_0002.nd2,2007,M,R,5.5,Homo,Experimental,0,False,4.004528681650453,False,5.1,1073.7837973834285,264.96863468634683,195.57665213015767,80.22525997987252,213.54545454545456,34.259979872525996,253.8108017443811,66.83948339483395,713.1138879570615,432.1405568601141,0.3559190278449096,0.154670702237444
98,0.15,2007R_GLUT1_647_WGA_594_0002.nd2,2007,M,R,5.5,Homo,Experimental,0,False,3.1680451886221506,False,3.5999999999999996,462.73290296550334,86.51987088965099,139.56647165624372,20.003026023804722,153.17066774258626,32.53802703247932,67.4016542263466,61.227556990115,400.4619729675207,304.51381884204153,0.16830974918013794,0.20106659600192126
99,0.15,2007R_GLUT1_647_WGA_594_0002.nd2,2007,M,R,5.5,Homo,Experimental,0,False,8.99525644826564,False,6.8999999999999995,799.5621108805218,200.76311888526538,135.3771123628817,25.007708271568333,161.98310109694634,24.66557960272754,100.28490957604505,51.06804032018975,434.2184998517639,293.6537207233916,0.23095494459651283,0.1739056470811535
100,0.15,2007R_GLUT1_647_WGA_594_0002.nd2,2007,M,R,5.5,Homo,Experimental,0,False,3.527994929220368,False,6.3,829.7745615888444,191.01859285865203,136.42256496936403,23.644834143249525,207.85717304035498,32.24128459750687,90.0878935136277,70.52736108176633,428.39404183393196,392.83266427213186,0.2102921252778546,0.17953537853692592
101,0.15,2007R_GLUT1_647_WGA_594_0002.nd2,2007,M,R,5.5,Homo,Experimental,0,False,4.815084353291432,False,6.75,831.6561362884552,176.3178961296725,148.67019517036056,22.63248428713199,171.83360899768442,26.152001323188884,81.17019517036056,50.61379424412835,438.8552762156798,299.9690704598082,0.18495891372277512,0.16873004328927943
102,0.15,2007R_GLUT1_647_WGA_594_0002.nd2,2007,M,R,5.5,Homo,Experimental,0,True,34.14185331576636,False,7.199999999999999,920.2042160737813,159.69828722002637,141.37022397891963,18.56916996047431,195.34387351778656,27.59947299077734,66.03996486605182,55.28414580588492,436.9595959595961,360.9521299956083,0.15113517468594115,0.15316198800809835
103,0.15,2007R_GLUT1_647_WGA_594_0002.nd2,2007,M,R,5.5,Homo,Experimental,0,True,36.94470989761092,False,5.25,606.2252559726961,106.33174061433448,238.15699658703073,40.07849829351536,201.49692832764507,27.784982935153586,80.64709897610922,54.25324232081911,456.0894197952218,367.51262798634815,0.17682299890297548,0.14762279766570208
104,0.15,2007R_GLUT1_647_WGA_594_0002.nd2,2007,M,R,5.5,Homo,Experimental,0,False,2.975815158713021,False,4.95,649.2256532066508,206.2217663571583,165.89613474411576,66.96329086590369,148.3131073202332,30.37939969768948,188.75167350464267,62.400777369898506,524.9313323256316,273.34225869142733,0.35957402784171016,0.22828807250159575
105,0.15,2007R_GLUT1_647_WGA_594_0002.nd2,2007,M,R,5.5,Homo,Experimental,0,False,17.51288082437276,False,6.8999999999999995,815.7249103942652,217.59027777777777,127.47099014336916,23.64639336917563,131.81586021505376,20.893481182795696,97.07246863799284,44.208221326164875,409.9855510752688,241.54144265232975,0.23677046272338367,0.18302540897628639
106,0.15,2007R_GLUT1_647_WGA_594_0002.nd2,2007,M,R,5.5,Homo,Experimental,0,False,3.7437446074201897,False,7.35,878.1326574633306,191.2955133735979,137.9372303710095,22.045513373597927,145.69348576358928,22.545944779982747,86.02717860224331,43.525884383088865,440.0733390854184,260.19283865401206,0.19548373182758386,0.16728317584853603
107,0.15,2007R_GLUT1_647_WGA_594_0002.nd2,2007,M,R,5.5,Homo,Experimental,0,True,34.31310034743511,False,6.8999999999999995,853.6306969139587,171.1665644798692,131.78499897813202,18.748007357449417,198.50623339464545,28.330267729409364,71.16513386470467,59.141426527692616,418.9554465563049,366.08788064582046,0.16986325025646978,0.16154980717569903
108,0.15,2007R_GLUT1_647_WGA_594_0002.nd2,2007,M,R,5.5,Homo,Experimental,0,True,49.10420250675842,False,6.45,927.77807815188,178.81666257065618,155.82477267141803,22.65888424674367,213.85352666502826,33.18849840255591,85.71835831899732,72.70262963873189,494.5428852297862,410.20914229540426,0.17332846327203522,0.17723307976977384
109,0.15,2007R_GLUT1_647_WGA_594_0002.nd2,2007,M,R,5.5,Homo,Experimental,0,True,41.993384223918575,False,7.05,754.501272264631,186.94351145038166,145.30178117048348,22.416284987277354,195.27379134860053,31.09618320610687,89.929262086514,62.378625954198476,410.03409669211203,346.53435114503816,0.21932142427179765,0.18000704907921405
110,0.15,2007R_GLUT1_647_WGA_594_0002.nd2,2007,M,R,5.5,Homo,Experimental,0,False,5.5442268737339635,False,5.25,506.92842673869006,108.17353139770424,257.949358541526,63.16745442268737,156.2660364618501,22.75692099932478,121.22349763673193,44.43146522619852,478.0276839972991,286.9777177582714,0.2535909565384436,0.15482548810156846
111,0.15,2007R_GLUT1_647_WGA_594_0002.nd2,2007,M,R,5.5,Homo,Experimental,0,False,3.422727272727273,False,7.199999999999999,701.1833333333333,201.93030303030304,142.01060606060605,22.48939393939394,156.3151515151515,23.337878787878786,90.82727272727273,47.68181818181819,402.16666666666674,297.14393939393943,0.2258448555174622,0.16046707289090584
112,0.15,2007R_GLUT1_647_WGA_594_0002.nd2,2007,M,R,5.5,Homo,Experimental,0,False,5.949231215549753,False,6.3,703.4534377719757,228.5609225413403,125.00043516100958,21.125036263417467,172.55483028720624,27.411952422396283,92.26269219611257,67.82492022048159,393.3874383521903,321.46054540179864,0.2345339052578288,0.21098987477827533
113,0.15,2007R_GLUT1_647_WGA_594_0002.nd2,2007,M,R,5.5,Homo,Experimental,0,False,9.967355443653412,False,6.3,717.2418822712276,227.5339468657753,134.51519361000175,21.930717138392083,193.03281819760375,31.51241534988713,96.79163049140476,76.16322278173293,393.32644556346594,389.2241708629971,0.24608472576194157,0.19567958128823815
114,0.15,2007R_GLUT1_647_WGA_594_0002.nd2,2007,M,R,5.5,Homo,Experimental,0,False,6.974176313446127,False,6.75,783.053250222618,171.85752448797862,138.7773820124666,21.047016918967053,151.74764024933216,22.02315227070347,84.22902938557435,47.34585930543188,449.27230632235086,291.45093499554764,0.18747879226087977,0.16244881597705343
115,0.15,2007R_GLUT1_647_WGA_594_0002.nd2,2007,M,R,5.5,Homo,Experimental,0,False,5.091494845360825,False,7.8,1085.6715528350517,172.0360824742268,146.24291237113403,20.36340206185567,126.98630798969074,17.216655927835053,77.0144974226804,34.20070876288659,499.83440721649487,240.34745489690718,0.1540800239254495,0.1422969458010545
116,0.15,2007R_GLUT1_647_WGA_594_0002.nd2,2007,M,R,5.5,Homo,Experimental,0,False,3.681951660266546,False,7.199999999999999,936.4147278066409,196.14682629320083,149.20668624350577,22.020103907838266,144.75830133273095,22.468940591822907,84.37677885701379,45.560424666817255,455.68759882538967,268.73480912581886,0.18516364955840126,0.16953674447691788
117,0.15,2007R_GLUT1_647_WGA_594_0002.nd2,2007,M,R,5.5,Homo,Experimental,0,True,80.83254423124845,False,,,,145.24881634687267,21.134188886120107,,,80.82793421380514,,464.10789932718666,,0.1741576351770369,
118,0.15,2007R_GLUT1_647_WGA_594_0002.nd2,2007,M,R,5.5,Homo,Experimental,0,False,4.733295259851514,False,6.6,658.0696744717305,155.00314106225014,140.76042261564822,21.011422044545974,167.1881781838949,26.302969731581957,76.09109080525415,55.17647058823529,397.1670474014849,308.4597372929754,0.1915846022551207,0.17887738306613618
119,0.15,2007R_GLUT1_647_WGA_594_0002.nd2,2007,M,R,5.5,Homo,Experimental,0,False,4.698738738738739,False,6.0,1005.7322522522522,160.00720720720722,158.030990990991,21.203603603603604,145.3607207207207,24.414054054054052,80.86846846846848,53.13225225225225,534.4594594594595,319.2313513513513,0.15130889169827225,0.16643807704768326
120,0.15,2007R_GLUT1_647_WGA_594_0002.nd2,2007,M,R,5.5,Homo,Experimental,0,True,55.50238758456029,False,7.6499999999999995,1157.6627536808599,184.73776362912855,148.51949860724233,22.25109430959013,144.19180262634305,19.45642658177477,84.26124154397135,41.6150019896538,544.8469956227616,283.89554317548743,0.15465119973298289,0.14658561217331215
121,0.15,2007R_GLUT1_647_WGA_594_0002.nd2,2007,M,R,5.5,Homo,Experimental,0,False,3.1193339500462534,False,4.05,483.5390070921986,117.55997533148319,122.19087264878198,21.082947887758245,175.29602220166512,33.137526981190256,78.56490903484429,69.60807893925377,357.1335183472094,336.13845205057044,0.21998749766876421,0.20708157163995497
122,0.15,2007R_GLUT1_647_WGA_594_0002.nd2,2007,M,R,5.5,Homo,Experimental,0,False,14.762393162393163,False,6.75,805.7359924026591,177.296106362773,127.04900284900287,19.09553656220323,165.7065527065527,25.515479582146245,77.83475783475782,52.44178537511871,413.091168091168,314.3979107312441,0.18842029035483984,0.1668006802371768
123,0.15,2007R_GLUT1_647_WGA_594_0002.nd2,2007,M,R,5.5,Homo,Experimental,0,False,4.368394048229861,False,3.75,340.4643406875321,77.90046177526938,163.15597742432018,48.38532580810673,150.20420728578756,20.604412519240636,92.33145202668034,42.26423807080554,322.32324268855825,277.06310928681376,0.28645607824160146,0.1525437225460929
