DJID,Genotype,Eye,Sex,Age_Months,eGFP_Value,Experimental_Condition,In_Rip,Length_um,Time_Condition,GluT1_Top_Surface_Integral,GluT1_Bot_Surface_Integral,WGA_Top_Surface_Integral,WGA_Bot_Surface_Integral,GluT1_Top_Integral,GluT1_Middle_Integral,GluT1_Bottom_Integral,WGA_Top_Integral,WGA_Middle_Integral,WGA_Bottom_Integral
3603,het,L,Male,3.0,0,Light Flicker,0,3.75,90,3184,821,139673,63515,794,14866,490,88639,296237,80586
3603,het,L,Male,3.0,0,Light Flicker,0,2.6999999999999997,90,8606,5120,190966,108178,2150,27421,5015,138168,331592,141310
3603,het,L,Male,3.0,0,Light Flicker,0,2.55,90,14177,6742,360617,269820,4002,39828,7378,241663,719761,354142
3603,het,L,Male,3.0,0,Light Flicker,0,2.25,90,6762,4344,293783,201291,1389,19088,4771,179458,587681,273620
3603,het,L,Male,3.0,0,Light Flicker,0,4.05,90,2791,1513,125655,60242,1027,24868,701,89147,289750,74709
3603,het,L,Male,3.0,0,Light Flicker,0,3.0,90,10574,8001,345624,231241,2221,47261,8972,186857,805286,289851
3603,het,L,Male,3.0,0,Light Flicker,0,4.05,90,1840,581,103081,57637,269,10052,215,62440,248317,71904
3603,het,L,Male,3.0,0,Light Flicker,0,3.15,90,5920,3082,166124,82454,891,31543,2398,111393,343130,112460
3603,het,L,Male,3.0,0,Light Flicker,0,3.3,90,7613,2646,177320,101755,1812,29580,2169,118759,367974,129357
3603,het,L,Male,3.0,0,Light Flicker,0,3.15,90,11600,2580,260825,139849,2314,39606,2920,168809,597612,188013
3603,het,L,Male,3.0,0,Light Flicker,0,4.05,90,5286,1400,107059,41879,1280,25862,652,74396,226958,56561
3603,het,L,Male,3.0,0,Light Flicker,0,4.2,90,7924,2775,154837,78666,1223,45379,1908,96176,416644,95146
3603,het,L,Male,3.0,0,Light Flicker,0,3.3,90,8510,2720,132907,73005,2171,29475,2527,85042,287340,92742
3603,het,L,Male,3.0,0,Light Flicker,0,2.4,90,6647,10006,272431,172983,1177,43072,6689,149614,496340,209769
3603,het,L,Male,3.0,1,Light Flicker,0,3.4499999999999997,90,5022,3355,138496,77924,924,36642,3166,84640,309755,93540
3603,het,L,Male,3.0,0,Light Flicker,0,4.05,90,10881,2971,137049,70814,2266,53383,2007,94584,356886,86817
3603,het,L,Male,3.0,0,Light Flicker,0,3.3,90,14005,6753,240331,149630,4267,63717,5875,161895,549112,177149
3603,het,L,Male,3.0,0,Light Flicker,0,4.2,90,6410,2309,122198,48643,1137,35664,1505,87236,266314,61055
3603,het,L,Male,3.0,0,Light Flicker,0,2.6999999999999997,90,18112,7815,154076,61720,6098,48860,7819,95139,285499,88597
3603,het,L,Male,3.0,0,Light Flicker,0,3.15,90,13544,6593,154860,89846,4813,46142,5735,94381,342013,120966
3603,het,L,Male,3.0,0,Light Flicker,0,3.9,90,10628,2964,129564,45747,3138,37407,1927,80307,243763,55470
3603,het,L,Male,3.0,0,Light Flicker,0,3.4499999999999997,90,8774,4719,166128,58565,2236,40652,3391,113681,280591,77074
3603,het,L,Male,3.0,0,Light Flicker,0,3.3,90,15570,3546,178086,77092,5814,31118,2951,120447,355912,99232
3603,het,L,Male,3.0,0,Light Flicker,0,3.3,90,16082,10744,220628,152175,3035,106730,8743,138124,550896,189272
3603,het,L,Male,3.0,0,Light Flicker,0,3.5999999999999996,90,10223,2864,108307,60785,3189,39803,1762,75298,234268,76085
3603,het,L,Male,3.0,0,Light Flicker,0,3.3,90,17199,8212,271486,157955,4618,65762,8132,174211,615906,182602
3603,het,L,Male,3.0,0,Light Flicker,0,2.55,90,13048,14612,197962,95906,2937,66289,14153,122514,329103,123970
3603,het,L,Male,3.0,0,Light Flicker,0,4.05,90,3882,1985,102114,64402,514,31534,1597,60553,269681,76668
3603,het,L,Male,3.0,0,Light Flicker,0,3.3,90,10402,6941,228908,126462,2031,46379,6834,159103,534618,165007
3603,het,L,Male,3.0,0,Light Flicker,0,3.3,90,20327,1003,153517,57178,6405,34528,1026,100695,247828,71220
3603,het,L,Male,3.0,0,Light Flicker,0,3.15,90,8161,6706,198053,152188,1569,37035,9157,111729,493513,198998
3603,het,L,Male,3.0,1,Light Flicker,0,3.0,90,22481,5727,184388,95231,7383,65476,4640,114946,338881,117177
3603,het,L,Male,3.0,1,Light Flicker,0,3.15,90,9924,8139,160350,130467,2208,50746,7570,97238,409369,155047
3603,het,L,Male,3.0,0,Light Flicker,0,2.4,90,23756,18326,301172,171280,6427,81099,14868,209258,513092,220535
3603,het,L,Male,3.0,1,Light Flicker,0,4.05,90,8010,3582,157722,110055,1221,49037,2846,92664,476826,130042
3603,het,L,Male,3.0,0,Light Flicker,0,2.25,90,23961,11637,376749,268943,5345,52563,15821,212640,698196,351236
3603,het,L,Male,3.0,0,Light Flicker,0,2.85,90,10848,2024,134745,83088,3667,17687,3772,88480,276103,118790
3603,het,L,Male,3.0,0,Light Flicker,0,3.3,90,17696,2826,127913,55176,4776,50475,2432,78490,242807,70777
3603,het,L,Male,3.0,0,Light Flicker,0,3.0,90,16082,11329,285258,197637,3634,67886,13666,196231,628817,269204
3603,het,L,Male,3.0,0,Light Flicker,0,2.85,90,16251,5566,145317,73496,4821,57911,3837,92245,247813,94027
3603,het,L,Male,3.0,0,Light Flicker,0,3.15,90,11748,12423,171302,99070,2552,65278,11889,97862,423643,131576
3603,het,L,Male,3.0,0,Light Flicker,0,3.9,90,7202,5408,133970,82240,2020,27534,3749,90868,337143,103477
3603,het,L,Male,3.0,0,Light Flicker,0,3.15,90,9511,8669,219808,132377,1757,49789,6836,137747,495620,152882
3603,het,L,Male,3.0,0,Light Flicker,0,3.15,90,9012,6034,150354,79651,1483,55248,5184,100859,294874,98471
3603,het,L,Male,3.0,0,Light Flicker,0,3.15,90,31330,12585,235983,170901,10193,100099,11434,139925,585686,222597
3603,het,L,Male,3.0,0,Light Flicker,0,4.05,90,6524,1580,95099,51718,914,32887,1081,57070,248818,64009
3603,het,L,Male,3.0,0,Light Flicker,0,3.3,90,14969,7749,145517,91086,4763,62401,5194,87392,307367,106849
3603,het,L,Male,3.0,0,Light Flicker,0,2.85,90,13418,13967,175776,111009,2840,62157,12543,96939,374781,140403
3603,het,L,Male,3.0,0,Light Flicker,0,3.0,90,24711,12471,345401,277969,5311,79633,14717,210222,928543,343236
3603,het,L,Male,3.0,0,Light Flicker,0,3.4499999999999997,90,14641,9799,206797,104620,3165,67089,8054,128292,501681,136352
3603,het,L,Male,3.0,0,Light Flicker,0,2.85,90,19473,5156,166294,86665,5452,53397,5229,97026,348739,114232
3603,het,L,Male,3.0,0,Light Flicker,0,3.5999999999999996,90,6152,8349,138966,77670,696,56828,6655,83645,313760,99848
3603,het,L,Male,3.0,0,Light Flicker,0,3.9,90,11788,4656,152118,91354,2376,38921,4280,93750,421427,111297
3603,het,L,Male,3.0,0,Light Flicker,0,3.3,90,11425,6477,144682,80106,2543,53166,5414,99892,302421,106941
3603,het,L,Male,3.0,0,Light Flicker,0,3.75,90,13801,4236,120001,59006,3814,46793,2706,81621,271240,74999
3603,het,L,Male,3.0,0,Light Flicker,0,4.2,90,11252,1347,110049,51322,2421,39833,772,63990,278983,61894
3603,het,L,Male,3.0,0,Light Flicker,0,2.6999999999999997,90,3479,5745,91948,61266,452,19941,5894,51071,176053,81438
3603,het,L,Male,3.0,1,Light Flicker,0,2.85,90,15160,5950,180655,152243,3858,43396,6782,121900,442165,190353
3603,het,L,Male,3.0,0,Light Flicker,0,4.2,90,24920,7204,376474,219478,6474,103520,6541,274586,1024268,259819
3603,het,L,Male,3.0,0,Light Flicker,0,4.05,90,15586,5961,224572,138525,2464,63920,5666,116641,719662,178108
3603,het,L,Male,3.0,0,Light Flicker,0,3.15,90,23848,5777,245333,159937,6328,59024,7683,152371,625381,216994
3603,het,L,Male,3.0,0,Light Flicker,0,3.9,90,6308,1971,78642,41620,1078,27746,1492,40646,233794,58986
3603,het,L,Male,3.0,0,Light Flicker,0,3.75,90,207,408,99861,59005,59,2142,224,69448,264448,77972
3603,het,L,Male,3.0,0,Light Flicker,0,2.4,90,1,291,3644,190341,0,89,570,1211,139345,198426
3603,het,L,Male,3.0,0,Light Flicker,0,3.0,90,433,186,140431,85768,157,1467,279,107989,309653,118248
3603,het,L,Male,3.0,0,Light Flicker,0,4.2,90,695,581,250593,138233,155,4107,663,155408,747831,186852
3603,het,L,Male,3.0,0,Light Flicker,0,2.25,90,0,306,3874,189597,0,51,1055,1249,122966,209848
3603,het,L,Male,3.0,0,Light Flicker,0,3.4499999999999997,90,871,460,174669,130957,251,3925,392,132934,440370,171350
3603,het,L,Male,3.0,0,Light Flicker,0,4.2,90,633,320,213279,116158,207,3225,367,137809,531036,153038
3603,het,L,Male,3.0,0,Light Flicker,0,2.25,90,0,235,2896,150779,0,23,918,891,86461,183511
3603,het,L,Male,3.0,0,Light Flicker,0,2.25,90,0,971,4472,232287,0,281,1960,1345,164382,286891
3603,het,L,Male,3.0,0,Light Flicker,0,2.25,90,1215,1666,414547,321364,246,4280,2430,254838,897083,427368
3603,het,L,Male,3.0,0,Light Flicker,0,3.5999999999999996,90,524,175,151687,87067,177,1182,299,118735,348428,117763
3603,het,L,Male,3.0,0,Light Flicker,0,3.0,90,1296,885,336642,270326,330,4818,1006,252461,857152,362576
3603,het,L,Male,3.0,0,Light Flicker,0,3.75,90,2826,1336,476541,379881,812,9599,1209,292938,1608798,488885
3603,het,L,Male,3.0,1,Light Flicker,0,2.55,90,630,527,252138,176145,305,1523,686,230335,519918,248152
3603,het,L,Male,3.0,0,Light Flicker,0,2.85,90,1715,1512,299851,198497,468,9828,1218,206897,660411,276636
3603,het,L,Male,3.0,0,Light Flicker,0,2.55,90,1003,718,362558,242638,354,3470,1425,281104,793246,336181
3603,het,L,Male,3.0,0,Light Flicker,0,3.9,90,606,291,223645,126751,155,2668,338,173428,572393,174750
3603,het,L,Male,3.0,0,Light Flicker,0,3.15,90,2881,1282,464899,368114,1024,8709,1566,329662,1272788,479948
3603,het,L,Male,3.0,0,Light Flicker,0,2.55,90,1439,1105,456840,386565,416,3271,2047,329449,1068159,504961
3603,het,L,Male,3.0,0,Light Flicker,0,2.6999999999999997,90,1648,1869,568932,529475,308,8055,2441,377106,1463394,698492
3603,het,L,Male,3.0,0,Light Flicker,0,3.5999999999999996,90,266,220,173779,114926,94,1834,404,136662,413151,154231
3603,het,L,Male,3.0,0,Light Flicker,0,2.25,90,610,796,348355,229591,194,2598,1287,280919,664524,316972
3603,het,L,Male,3.0,0,Light Flicker,0,3.4499999999999997,90,352,401,248006,148672,154,1824,697,220264,562487,199447
3603,het,L,Male,3.0,0,Light Flicker,0,2.25,90,844,975,392913,249533,329,2822,1183,329408,727055,343545
3603,het,L,Male,3.0,0,Light Flicker,0,4.05,90,654,337,227405,126538,219,3015,394,164002,638557,169448
3603,het,L,Male,3.0,0,Light Flicker,0,3.4499999999999997,90,460,268,156776,99035,85,2589,336,116870,363642,135996
3603,het,L,Male,3.0,0,Light Flicker,0,4.6499999999999995,90,2092,136,117555,62212,503,15611,282,79812,359789,84622
3603,het,L,Male,3.0,1,Light Flicker,0,3.0,90,718,690,337327,278573,174,2115,1106,221429,882347,367860
3603,het,L,Male,3.0,0,Light Flicker,0,3.4499999999999997,90,789,744,347256,215441,319,3338,1168,309850,812506,278732
3603,het,L,Male,3.0,0,Light Flicker,0,4.2,90,739,416,229680,140172,173,3893,343,150349,683368,188589
3603,het,L,Male,3.0,0,Light Flicker,0,3.3,90,1491,911,380852,237113,398,5128,937,258801,975323,324198
3603,het,L,Male,3.0,0,Light Flicker,0,3.15,90,557,509,226569,133044,125,2326,486,171892,503660,187985
3603,het,L,Male,3.0,0,Light Flicker,0,3.75,90,468,169,155006,84397,181,1570,177,131121,318406,112389
3603,het,L,Male,3.0,0,Light Flicker,0,3.3,90,2806,1793,606197,346374,797,7378,1762,465124,1545708,449361
3603,het,L,Male,3.0,0,Light Flicker,0,3.75,90,1181,1956,373167,244658,244,7020,1859,229952,1075055,322958
3603,het,L,Male,3.0,0,Light Flicker,0,3.4499999999999997,90,1208,676,331292,183883,303,4465,819,256620,760649,246318
3603,het,L,Male,3.0,0,Light Flicker,0,3.0,90,625,515,319620,193938,231,1650,799,233276,668414,271283
3603,het,L,Male,3.0,0,Light Flicker,0,4.95,90,130,24,55224,35752,34,495,44,34349,167612,47115
3603,het,L,Male,3.0,0,Light Flicker,0,2.25,90,668,874,248528,128195,169,1929,1299,163153,456651,183615
3603,het,L,Male,3.0,0,Light Flicker,0,3.9,90,602,173,270255,172788,99,1747,361,185196,808071,232658
3603,het,L,Male,3.0,1,Light Flicker,0,3.15,90,473,849,313741,267645,154,2138,1222,250986,814530,323920
3603,het,L,Male,3.0,0,Light Flicker,0,4.95,90,215,118,85320,50886,48,1238,152,52177,293539,70561
3603,het,L,Male,3.0,0,Light Flicker,0,2.6999999999999997,90,97,95,49938,29021,35,352,159,44430,85969,40257
3603,het,L,Male,3.0,0,Light Flicker,0,2.4,90,1050,532,381745,251653,178,2634,695,277336,769777,335603
3603,het,L,Male,3.0,0,Light Flicker,0,3.75,90,669,225,209896,133056,133,3699,212,131339,509251,185035
3603,het,L,Male,3.0,0,Light Flicker,0,4.05,90,1793,1058,648298,464103,394,8221,1309,436522,2211837,605495
3603,het,L,Male,3.0,0,Light Flicker,0,4.05,90,1101,243,255894,163815,318,4417,275,185286,773227,218253
3603,het,L,Male,3.0,0,Light Flicker,0,3.4499999999999997,90,2055,931,538994,298321,919,5539,867,426675,1437297,399726
3603,het,L,Male,3.0,0,Light Flicker,0,4.2,90,917,404,278323,174125,182,4906,411,176463,841207,229997
3603,het,L,Male,3.0,0,Light Flicker,0,2.25,90,0,1343,6637,377172,0,436,2482,2042,255379,438118
3603,het,L,Male,3.0,0,Light Flicker,0,2.6999999999999997,90,0,1319,11237,735842,0,603,1543,3515,567292,945157
3603,het,L,Male,3.0,0,Light Flicker,0,4.05,90,693,277,343300,178533,270,3002,442,268977,1011692,237128
3603,het,L,Male,3.0,0,Light Flicker,0,2.4,90,1,5883,7915,474909,0,3811,6553,2591,319698,584547
3603,het,L,Male,3.0,0,Light Flicker,0,4.2,90,581,287,175860,101269,104,3098,246,112319,507118,139112
3603,het,L,Male,3.0,0,Light Flicker,0,4.05,90,919,398,313534,203834,267,4203,380,222434,911396,272862
3603,het,L,Male,3.0,0,Light Flicker,0,3.0,90,1537,864,411690,288365,324,5311,1147,296653,969086,398411
3603,het,L,Male,3.0,0,Light Flicker,0,4.05,90,842,365,241530,145143,86,4310,296,152438,687048,192727
3603,het,L,Male,3.0,0,Light Flicker,0,4.6499999999999995,90,869,268,243549,162297,177,4180,326,148407,864042,209537
3603,het,L,Male,3.0,0,Light Flicker,0,4.35,90,863,252,249175,123811,307,2611,351,200993,656018,166789
3603,het,L,Male,3.0,1,Light Flicker,0,2.25,90,2,1091,6792,376810,0,154,2650,2122,220470,505511
3603,het,L,Male,3.0,1,Light Flicker,0,2.4,90,1032,741,343108,171901,492,2548,919,337124,604498,240658
3603,het,L,Male,3.0,1,Light Flicker,0,4.2,90,1060,241,195229,157796,304,3621,197,138508,632645,198798
3603,het,L,Male,3.0,0,Light Flicker,0,3.9,90,1074,624,280689,229000,154,6402,473,171343,903145,276558
3603,het,L,Male,3.0,0,Light Flicker,0,3.75,90,1035,504,284781,192644,235,4276,367,192032,778352,256616
3603,het,L,Male,3.0,0,Light Flicker,0,2.55,90,924,587,509374,304295,390,2223,816,437120,992115,428619
3603,het,L,Male,3.0,0,Light Flicker,0,3.5999999999999996,90,455,515,287648,221767,99,2858,506,208017,822352,292480
3603,het,L,Male,3.0,0,Light Flicker,0,4.8,90,833,89,238071,136264,147,5095,79,163751,713250,177334
3603,het,L,Male,3.0,0,Light Flicker,0,4.2,90,383,113,307500,167222,118,1070,229,247082,852875,224152
3603,het,L,Male,3.0,0,Light Flicker,0,3.4499999999999997,90,1058,438,302025,200778,220,4329,411,204628,770181,263764
3603,het,L,Male,3.0,1,Light Flicker,0,4.35,90,901,247,314314,208120,216,4237,206,206298,983055,260028
3603,het,L,Male,3.0,0,Light Flicker,0,3.9,90,1702,380,340878,200255,538,6568,459,230633,947799,259409
3603,het,L,Male,3.0,0,Light Flicker,0,2.55,90,0,281,2669,183827,0,112,472,854,134002,208684
3603,het,L,Male,3.0,1,Light Flicker,0,2.85,90,1497,923,532231,432656,374,4294,1005,394952,1317758,561750
3603,het,L,Male,3.0,0,Light Flicker,0,4.05,90,499,167,235551,143148,228,1596,129,208845,569270,181268
3603,het,L,Male,3.0,0,Light Flicker,0,4.05,90,1156,318,338740,202797,194,4138,365,224073,1116310,270430
3603,het,L,Male,3.0,0,Light Flicker,0,3.5999999999999996,90,602,451,252892,159855,103,2816,400,169265,627605,213733
3603,het,L,Male,3.0,0,Light Flicker,0,4.05,90,407,508,251809,160840,140,3308,348,203648,734760,214141
3603,het,L,Male,3.0,0,Light Flicker,0,4.2,90,807,236,342393,235103,130,4014,312,227949,1056703,293178
3603,het,L,Male,3.0,0,Light Flicker,0,3.75,90,754,312,301811,166927,198,3299,264,226831,700887,226240
3603,het,L,Male,3.0,0,Light Flicker,0,4.35,90,554,130,209712,132906,114,2438,112,143835,671641,182060
3603,het,L,Male,3.0,0,Light Flicker,0,3.75,90,639,419,307786,159759,168,3444,364,229563,756398,223726
3603,het,L,Male,3.0,0,Light Flicker,0,3.0,90,1273,994,475945,320132,297,5436,934,349677,1095122,435219
3603,het,L,Male,3.0,0,Light Flicker,0,2.25,90,0,540,4821,319268,0,71,1630,1494,193563,339701
3603,het,L,Male,3.0,0,Light Flicker,0,4.35,90,843,99,354544,228624,203,2292,163,229197,1219978,303333
3603,het,L,Male,3.0,0,Light Flicker,0,3.0,90,564,611,527779,352578,186,2442,648,415389,1298368,485722
3603,het,L,Male,3.0,0,Light Flicker,0,3.9,90,765,525,313370,175946,267,2906,436,241601,860837,237984
3603,het,L,Male,3.0,0,Light Flicker,0,3.4499999999999997,90,1074,249,339893,191865,225,3216,273,236050,799831,259536
3603,het,L,Male,3.0,0,Light Flicker,0,4.35,90,431,167,255550,131606,109,1822,122,189664,725329,179486
3603,het,L,Male,3.0,0,Light Flicker,0,3.15,90,889,680,398738,280325,192,4042,606,297662,867479,369115
3603,het,L,Male,3.0,0,Light Flicker,0,4.35,90,412,171,221165,137394,80,2387,121,146553,641852,183527
3603,het,L,Male,3.0,0,Light Flicker,0,4.2,90,1864,500,651080,369715,364,7996,397,466537,2109170,483435
3603,het,L,Male,3.0,0,Light Flicker,0,3.3,90,6203,395,534444,375008,3526,9899,418,451965,1285249,474796
3603,het,L,Male,3.0,0,Light Flicker,0,4.5,90,419,129,236238,154312,75,1696,148,161214,729117,208579
3603,het,L,Male,3.0,0,Light Flicker,0,4.8,90,751,66,163415,113814,250,1860,49,102680,561684,153258
3603,het,L,Male,3.0,0,Light Flicker,0,3.0,90,0,526,2161,128761,0,77,1489,1218,68084,159144
3603,het,L,Male,3.0,0,Light Flicker,0,3.3,90,770,365,169531,132737,168,2446,265,107717,418440,162962
3603,het,L,Male,3.0,0,Light Flicker,0,3.5999999999999996,90,606,563,177459,124928,73,2390,397,98832,462470,155686
3603,het,L,Male,3.0,0,Light Flicker,0,2.85,90,358,76,104919,77335,24,1266,205,60907,271595,106587
3603,het,L,Male,3.0,0,Light Flicker,0,2.85,90,0,930,2557,133252,0,267,1428,1480,78017,169480
3603,het,L,Male,3.0,0,Light Flicker,0,3.4499999999999997,90,726,300,269193,224097,97,2519,406,142810,880909,280796
3603,het,L,Male,3.0,1,Light Flicker,0,3.5999999999999996,90,1058,242,203709,143210,212,2422,202,123323,579350,163817
3603,het,L,Male,3.0,0,Light Flicker,0,3.15,90,0,985,2931,239036,0,107,2183,683,136266,306600
3603,het,L,Male,3.0,0,Light Flicker,0,3.75,90,574,544,164152,129760,42,4698,340,88522,564489,147860
3603,het,L,Male,3.0,0,Light Flicker,0,2.85,90,0,185,2436,113235,0,25,968,1354,62555,128050
3603,het,L,Male,3.0,0,Light Flicker,0,3.75,90,1094,310,140982,92248,188,4142,199,86714,381946,93009
3603,het,L,Male,3.0,0,Light Flicker,0,3.3,90,811,285,214866,160489,232,3137,188,132791,573447,195168
3603,het,L,Male,3.0,0,Light Flicker,0,3.75,90,1272,1108,276349,179502,210,7586,765,174726,762044,200920
3603,het,L,Male,3.0,1,Light Flicker,0,3.0,90,0,431,3115,185969,0,51,1353,1732,94671,271726
3603,het,L,Male,3.0,0,Light Flicker,0,2.6999999999999997,90,0,987,4725,218334,0,75,3069,2618,108544,313031
3603,het,L,Male,3.0,0,Light Flicker,0,3.75,90,1609,597,109195,93028,355,4153,662,54925,345060,122186
3603,het,L,Male,3.0,0,Light Flicker,0,2.85,90,0,1099,6399,346345,0,99,2476,3697,169076,490355
3603,het,L,Male,3.0,0,Light Flicker,0,2.6999999999999997,90,0,612,4299,212476,0,66,962,2555,109478,278410
3603,het,L,Male,3.0,0,Light Flicker,0,2.6999999999999997,90,0,276,2403,111693,0,9,1448,1356,54295,136263
3603,het,L,Male,3.0,0,Light Flicker,0,2.85,90,0,519,3129,169232,0,82,1438,1841,77702,237932
3603,het,L,Male,3.0,1,Light Flicker,0,2.6999999999999997,90,0,225,1924,107028,0,27,646,1556,53606,141542
3603,het,L,Male,3.0,0,Light Flicker,0,3.0,90,0,833,3595,237028,0,63,2480,1288,128056,313534
3603,het,L,Male,3.0,0,Light Flicker,0,3.4499999999999997,90,1503,936,339047,252360,176,7108,799,179335,1057291,306862
3603,het,L,Male,3.0,0,Light Flicker,0,4.35,90,955,56,171295,68381,196,6714,23,101354,501127,27977
3603,het,L,Male,3.0,0,Light Flicker,0,2.85,90,1,814,6118,329345,0,124,3058,3461,192306,452962
3603,het,L,Male,3.0,1,Light Flicker,0,2.85,90,0,1231,5501,311195,0,510,2637,3149,172503,420725
3603,het,L,Male,3.0,1,Light Flicker,0,2.6999999999999997,90,0,1900,8787,415539,0,163,6574,5035,222231,614819
3603,het,L,Male,3.0,0,Light Flicker,0,2.85,90,0,591,5947,345930,0,84,1578,3388,187116,460137
3603,het,L,Male,3.0,0,Light Flicker,0,3.0,90,0,368,3040,187907,0,71,1178,1741,112539,244116
3603,het,L,Male,3.0,0,Light Flicker,0,2.85,90,1,1137,3848,219706,1,201,3115,2192,128843,265481
3603,het,L,Male,3.0,0,Light Flicker,0,4.05,90,504,334,122908,71028,82,4075,175,75509,318388,60053
3603,het,L,Male,3.0,0,Light Flicker,0,2.6999999999999997,90,0,457,4924,243502,0,18,1859,2886,124800,321448
3603,het,L,Male,3.0,0,Light Flicker,0,2.85,90,625,573,133899,91236,54,2817,698,82444,305783,122085
3603,het,L,Male,3.0,0,Light Flicker,0,2.6999999999999997,90,0,502,2770,145514,0,47,2161,1626,79777,163921
3603,het,L,Male,3.0,0,Light Flicker,0,2.6999999999999997,90,0,439,1609,81579,0,59,1169,885,45670,99246
3603,het,L,Male,3.0,0,Light Flicker,0,2.25,90,0,250,2145,94535,0,14,922,1847,46910,106490
3603,het,L,Male,3.0,0,Light Flicker,0,2.25,90,1,910,11826,540121,1,128,2473,12421,273327,748487
3603,het,L,Male,3.0,1,Light Flicker,0,2.6999999999999997,90,0,881,5269,283656,0,58,3816,3080,138375,362772
3603,het,L,Male,3.0,0,Light Flicker,0,4.2,90,650,660,152633,99331,67,5149,465,88625,450100,70861
3603,het,L,Male,3.0,0,Light Flicker,0,4.2,90,309,169,179178,80235,40,2963,71,112253,490161,40217
3603,het,L,Male,3.0,1,Light Flicker,0,2.85,90,0,2457,8442,489577,0,429,6009,4862,268143,676152
3603,het,L,Male,3.0,0,Light Flicker,0,2.85,90,0,1065,6954,409633,0,145,3630,4098,202675,583993
3603,het,L,Male,3.0,0,Light Flicker,0,4.6499999999999995,90,404,242,172951,74042,8,6511,66,86906,587038,30096
3603,het,L,Male,3.0,0,Light Flicker,0,3.75,90,809,803,185253,137848,68,2667,734,101178,560074,155243
3603,het,L,Male,3.0,0,Light Flicker,0,3.0,90,0,175,2726,183433,0,16,666,1527,99963,211846
3603,het,L,Male,3.0,0,Light Flicker,0,3.4499999999999997,90,2024,1058,229343,175500,528,9753,1062,131422,692818,240730
3603,het,L,Male,3.0,0,Light Flicker,0,4.05,90,598,474,167281,119381,19,4205,295,78228,526494,101102
3603,het,L,Male,3.0,0,Light Flicker,0,2.25,90,0,4175,8702,403820,0,2950,3963,9313,222159,495588
3603,het,L,Male,3.0,0,Light Flicker,0,2.85,90,0,362,4887,290091,0,29,1717,2820,140969,416202
3603,het,L,Male,3.0,0,Light Flicker,0,3.5999999999999996,90,1268,565,134432,132158,217,8422,486,80447,408334,161300
3603,het,L,Male,3.0,1,Light Flicker,0,2.6999999999999997,90,0,801,4893,245976,0,45,2806,2827,124239,347119
3603,het,L,Male,3.0,0,Light Flicker,0,3.3,90,0,3430,2762,280937,0,925,5587,576,148126,368072
3603,het,L,Male,3.0,0,Light Flicker,0,3.3,90,0,414,3055,318249,0,50,1208,643,157705,438570
3603,het,L,Male,3.0,0,Light Flicker,0,3.15,90,0,149,1383,110908,0,14,446,311,55302,146448
3603,het,L,Male,3.0,0,Light Flicker,0,2.85,90,0,760,5583,345516,0,63,2999,3208,149808,490447
3603,het,L,Male,3.0,1,Light Flicker,0,2.25,90,1,577,6929,336114,0,77,1575,7339,172816,427610
3603,het,L,Male,3.0,1,Light Flicker,0,2.6999999999999997,90,0,1409,5121,287930,0,239,4897,3741,154789,354617
3603,het,L,Male,3.0,0,Light Flicker,0,3.3,90,996,715,234671,159448,252,5145,732,142280,551080,216540
3603,het,L,Male,3.0,1,Light Flicker,0,2.6999999999999997,90,2,1655,11689,630173,0,405,3948,8639,300165,951852
3603,het,L,Male,3.0,0,Light Flicker,0,4.35,90,141,158,107934,43426,16,1497,68,64131,289294,17329
3603,het,L,Male,3.0,0,Light Flicker,0,4.6499999999999995,90,613,205,152189,87711,8,5769,88,74851,584923,35087
3603,het,L,Male,3.0,0,Light Flicker,0,2.25,90,0,466,3796,179031,0,70,1490,4189,100180,196813
3607,het,R,Male,3.0,1,Light Flicker,0,4.8,60,1058,3,54229,15328,2008,348,11,40535,103508,21322
3607,het,R,Male,3.0,1,Light Flicker,0,3.15,60,12,95,65414,21653,0,375,176,42385,126581,30096
3607,het,R,Male,3.0,0,Light Flicker,0,4.5,60,1,0,21978,9015,1,39,0,14885,47059,12630
3607,het,R,Male,3.0,1,Light Flicker,0,2.55,60,7,127,43257,16859,0,240,144,27032,73838,24132
3607,het,R,Male,3.0,1,Light Flicker,0,2.4,60,18,16,49961,22711,3,74,19,30457,82247,29640
3607,het,R,Male,3.0,0,Light Flicker,0,4.2,60,52,104,56789,33598,27,597,141,45988,146693,46864
3607,het,R,Male,3.0,1,Light Flicker,0,4.95,60,292,303,105584,85591,63,2699,274,58774,437181,117084
3607,het,R,Male,3.0,1,Light Flicker,0,2.4,60,102,114,52832,35579,34,456,213,29880,107090,43478
3607,het,R,Male,3.0,0,Light Flicker,0,4.5,60,47,80,35120,25227,13,513,93,13515,104386,36655
3607,het,R,Male,3.0,1,Light Flicker,0,4.35,60,1983,619,184805,145475,643,5385,583,95539,645856,198263
3608,het,R,Male,3.0,0,Light Flicker,0,3.75,30,2818,3053,124293,56178,632,24560,1553,67799,242715,64817
3608,het,R,Male,3.0,1,Light Flicker,0,2.85,30,8939,5963,303952,127061,2053,30007,6437,197371,499239,157675
3608,het,R,Male,3.0,0,Light Flicker,0,3.9,30,2922,887,147242,41130,505,22154,361,87646,292824,51764
3608,het,R,Male,3.0,1,Light Flicker,0,4.05,30,6645,910,138264,51685,1136,25775,836,67200,372562,66336
3608,het,R,Male,3.0,0,Light Flicker,0,3.4499999999999997,30,5725,4889,313950,92906,663,52966,2091,168616,654974,113311
3608,het,R,Male,3.0,0,Light Flicker,0,3.4499999999999997,30,10511,12376,253964,109424,1128,78980,9187,129314,477099,132692
3608,het,R,Male,3.0,0,Light Flicker,0,4.05,30,1422,2328,148487,46682,336,27285,1142,89244,307365,59016
3608,het,R,Male,3.0,0,Light Flicker,0,3.75,30,25936,11656,405484,130946,6509,143582,6906,235376,911657,157635
3608,het,R,Male,3.0,1,Light Flicker,0,4.05,30,14993,4934,204632,79678,3772,63557,4224,119347,444127,100465
3608,het,R,Male,3.0,0,Light Flicker,0,3.3,30,18416,8890,208628,80255,4703,80361,4972,130716,362980,95647
3608,het,R,Male,3.0,0,Light Flicker,0,3.5999999999999996,30,2335,3358,163855,91216,269,18952,2544,79496,366880,113500
3608,het,R,Male,3.0,1,Light Flicker,0,3.75,30,21438,5771,269699,114789,5536,82414,4424,147168,615959,144218
3608,het,R,Male,3.0,0,Light Flicker,0,3.0,30,19921,12235,236483,92867,6122,64592,11387,154448,389306,111827
3608,het,R,Male,3.0,0,Light Flicker,0,4.05,30,5346,918,71032,29505,1485,11192,582,42448,136406,37404
3608,het,R,Male,3.0,0,Light Flicker,0,4.6499999999999995,30,540,202,55095,15657,34,6312,104,30021,102903,21370
3608,het,R,Male,3.0,0,Light Flicker,0,4.95,30,6063,105,57293,17688,1559,12038,47,33951,121594,23527
3608,het,R,Male,3.0,0,Light Flicker,0,3.4499999999999997,30,57988,3273,382466,167452,13444,130285,2780,199362,878736,242049
3608,het,R,Male,3.0,0,Light Flicker,0,5.85,30,9680,96,328081,45193,5350,17077,48,219825,926466,59957
3608,het,R,Male,3.0,0,Light Flicker,0,4.05,30,3635,1793,203641,54832,940,33052,928,123694,448380,66496
3608,het,R,Male,3.0,0,Light Flicker,0,3.5999999999999996,30,3389,5151,104909,29308,922,36033,2336,57109,203736,34121
3608,het,R,Male,3.0,0,Light Flicker,0,3.3,30,7426,8365,163322,72467,1254,54574,3723,93600,293490,80481
3608,het,R,Male,3.0,0,Light Flicker,0,3.75,30,6759,1886,159823,44330,1672,23927,797,86120,297382,53896
3608,het,R,Male,3.0,0,Light Flicker,0,2.55,30,9200,1341,301295,161492,2126,13230,5037,163001,632958,193555
3608,het,R,Male,3.0,1,Light Flicker,0,3.15,30,10546,16103,218305,101236,1489,80375,12414,117778,439303,125355
3608,het,R,Male,3.0,1,Light Flicker,0,3.3,30,11536,13263,265298,112666,2512,80197,8106,178128,534348,127715
3608,het,R,Male,3.0,0,Light Flicker,0,3.0,30,12381,7568,204818,75524,3915,35931,6243,133000,318438,93144
3608,het,R,Male,3.0,0,Light Flicker,0,4.05,30,700,1238,58313,30192,79,12345,868,32666,119900,38547
3608,het,R,Male,3.0,0,Light Flicker,0,3.15,30,20917,18803,193587,94532,5697,114138,13302,101606,388606,111083
3608,het,R,Male,3.0,1,Light Flicker,0,3.75,30,4536,3027,89762,26403,1010,30564,1682,58914,189340,35873
3608,het,R,Male,3.0,0,Light Flicker,0,3.9,30,9659,514,56616,27698,1533,31253,298,31452,133158,37727
3608,het,R,Male,3.0,0,Light Flicker,0,3.15,30,24106,18398,267202,152456,4706,145769,10894,151803,601071,170134
3608,het,R,Male,3.0,0,Light Flicker,0,2.85,30,10895,8894,184928,83682,1479,60516,11176,89652,435706,109992
3608,het,R,Male,3.0,0,Light Flicker,0,5.25,30,3076,118,64616,20566,417,9730,91,31890,175668,27482
3608,het,R,Male,3.0,0,Light Flicker,0,4.05,30,323,111,39306,17622,14,4077,126,20983,87238,25198
3608,het,R,Male,3.0,0,Light Flicker,0,3.3,30,10423,9079,295896,121527,2157,66024,8912,185046,723353,158972
3608,het,R,Male,3.0,0,Light Flicker,0,4.35,30,9410,1552,261293,139173,2291,32136,1255,148910,688470,161245
3608,het,R,Male,3.0,0,Light Flicker,0,2.55,30,1026,3008,61208,49396,61,14225,2667,29725,122752,61870
3608,het,R,Male,3.0,0,Light Flicker,0,3.75,30,31217,4133,397311,183961,6866,95030,3974,214469,965775,221072
3608,het,R,Male,3.0,0,Light Flicker,0,2.4,30,13629,8628,346043,132327,4049,48100,6645,230924,485396,176498
3608,het,R,Male,3.0,0,Light Flicker,0,2.85,30,4516,1981,130057,38386,1162,9801,2808,75272,245278,51810
3608,het,R,Male,3.0,0,Light Flicker,0,4.05,30,3990,2444,120372,55765,678,20780,1699,69735,271625,67320
3608,het,R,Male,3.0,0,Light Flicker,0,4.05,30,6471,1003,141305,93513,1109,18621,981,75706,391611,120315
3608,het,R,Male,3.0,0,Light Flicker,0,3.5999999999999996,30,5351,926,119602,49554,1479,11324,1307,68586,316247,59639
3608,het,R,Male,3.0,0,Light Flicker,0,5.1,30,13637,78,561954,125833,3351,37694,1500,314991,1532421,162315
3608,het,R,Male,3.0,0,Light Flicker,0,4.5,30,2961,1902,337538,81730,959,18210,2704,198441,725242,110829
3608,het,R,Male,3.0,0,Light Flicker,0,2.4,30,66508,179,394901,193953,26109,95449,500,256069,770719,222231
3608,het,R,Male,3.0,0,Light Flicker,0,3.15,30,45048,24226,293760,107071,13680,157218,24237,167800,513111,143543
3608,het,R,Male,3.0,0,Light Flicker,0,5.7,30,5017,1078,160761,41252,1146,44703,1150,70920,438736,56857
3608,het,R,Male,3.0,0,Light Flicker,0,3.3,30,6568,12359,233167,86700,1059,53490,14398,119973,412128,105766
3608,het,R,Male,3.0,0,Light Flicker,0,2.4,30,12993,12303,217129,56484,3085,45644,18055,124671,299507,78635
3608,het,R,Male,3.0,0,Light Flicker,0,3.5999999999999996,30,10535,1367,168064,29987,2718,37678,961,92373,353065,31717
3608,het,R,Male,3.0,0,Light Flicker,0,2.6999999999999997,30,11183,20760,270447,103489,1797,78609,24273,161115,386800,135858
3608,het,R,Male,3.0,0,Light Flicker,0,2.55,30,17609,189,389534,110419,5671,34929,64,232133,671276,126636
3608,het,R,Male,3.0,0,Light Flicker,0,3.3,30,12233,14,267936,60322,3367,25295,13,171507,520798,73001
3608,het,R,Male,3.0,0,Light Flicker,0,3.3,30,35839,21653,451189,178230,9715,169979,22738,232233,882741,240447
3608,het,R,Male,3.0,0,Light Flicker,0,3.15,30,4543,13779,241419,102568,789,41850,17978,151451,376699,145685
3608,het,R,Male,3.0,0,Light Flicker,0,4.8,30,6249,2706,168353,42956,1658,41879,1792,91446,315451,53074
3608,het,R,Male,3.0,0,Light Flicker,0,3.5999999999999996,30,32823,19907,265056,95829,9279,175855,15650,145716,517777,125834
3608,het,R,Male,3.0,0,Light Flicker,0,2.55,30,41496,38254,409041,153121,12388,152614,45187,244094,651585,201639
3608,het,R,Male,3.0,0,Light Flicker,0,5.25,30,8234,10329,399456,120052,1786,112322,9581,252678,948398,151154
3608,het,R,Male,3.0,0,Light Flicker,0,5.85,30,1403,305,161769,30046,138,20689,179,80370,368411,38363
3608,het,R,Male,3.0,0,Light Flicker,0,4.6499999999999995,30,5902,1393,237174,58064,1229,37913,1048,124051,483953,70704
3608,het,R,Male,3.0,1,Light Flicker,0,3.0,30,38618,25308,327378,152412,12306,134433,29712,217086,595680,198929
3608,het,R,Male,3.0,0,Light Flicker,0,4.6499999999999995,30,37315,3441,216678,43195,12608,108786,2309,132617,419840,57674
3608,het,R,Male,3.0,0,Light Flicker,0,2.55,30,28706,8954,362347,123572,8827,56438,14647,211419,584416,173665
3608,het,R,Male,3.0,0,Light Flicker,0,4.5,30,9513,9565,192749,75134,2676,90886,7657,130652,393703,91431
3608,het,R,Male,3.0,1,Light Flicker,0,7.05,30,41070,104,402440,51487,8840,242228,136,188532,1233402,66880
3608,het,R,Male,3.0,1,Light Flicker,0,2.55,30,23678,29304,278505,129203,6376,111154,30125,159575,479686,166147
3608,het,R,Male,3.0,0,Light Flicker,0,3.9,30,14449,6549,444491,145097,3154,63808,7560,240366,1028410,194925
3608,het,R,Male,3.0,0,Light Flicker,0,4.8,30,856,917,243142,48506,82,21163,737,121067,480039,64457
3608,het,R,Male,3.0,0,Light Flicker,0,4.2,30,4013,3305,180352,53783,1641,34761,2247,100871,321760,69111
3608,het,R,Male,3.0,1,Light Flicker,0,4.35,30,4687,7781,256623,106235,665,53813,9157,119399,615054,128320
3608,het,R,Male,3.0,0,Light Flicker,0,4.2,30,29435,2701,336727,72923,7684,97320,2138,206826,618893,94897
3608,het,R,Male,3.0,1,Light Flicker,0,3.9,30,25924,12098,257704,109322,9155,107164,11513,163702,550640,140009
3608,het,R,Male,3.0,0,Light Flicker,0,4.35,30,15140,4938,273932,78127,4515,80218,4365,168942,541499,98572
3608,het,R,Male,3.0,0,Light Flicker,0,3.75,30,16694,9969,285056,89516,4852,86551,6228,184752,498480,113044
3608,het,R,Male,3.0,0,Light Flicker,0,5.1,30,11609,1784,251873,50819,1735,80903,1037,134647,614533,65692
3608,het,R,Male,3.0,0,Light Flicker,0,3.15,30,15197,17885,313275,107392,3727,81488,19162,185214,509416,146261
3608,het,R,Male,3.0,0,Light Flicker,0,4.35,30,7114,2991,227187,59518,1925,44592,1838,132597,441633,73376
3608,het,R,Male,3.0,0,Light Flicker,0,4.35,30,3111,778,245075,75549,899,14809,800,160607,510737,87311
3608,het,R,Male,3.0,1,Light Flicker,0,3.0,30,9131,13369,325776,125915,1853,55886,17344,183084,578467,174510
3608,het,R,Male,3.0,0,Light Flicker,0,4.8,30,8719,2371,223069,50627,2347,51257,1842,132901,508227,67869
3608,het,R,Male,3.0,1,Light Flicker,0,4.05,30,23611,4989,272543,62252,7371,70145,2978,162681,522781,81947
3608,het,R,Male,3.0,0,Light Flicker,0,4.2,30,4984,3160,176296,50353,1150,45455,1752,118182,325046,61365
3608,het,R,Male,3.0,0,Light Flicker,0,3.75,30,10750,18993,324862,121496,3870,105614,13696,217188,697559,160855
3608,het,R,Male,3.0,0,Light Flicker,0,3.0,30,3653,2282,237864,95227,963,10630,4840,129931,437778,125918
3608,het,R,Male,3.0,0,Light Flicker,0,3.15,30,6052,8259,341231,98288,699,44306,9071,162871,674483,162746
3608,het,R,Male,3.0,0,Light Flicker,0,4.2,30,6267,1092,210647,49370,1958,25148,768,149461,356261,59647
3608,het,R,Male,3.0,1,Light Flicker,0,3.3,30,8090,14311,417812,162543,2158,76656,10111,270227,769018,196526
3608,het,R,Male,3.0,1,Light Flicker,0,4.6499999999999995,30,2825,2220,166337,33670,662,29818,993,110352,325650,42590
3608,het,R,Male,3.0,1,Light Flicker,0,3.0,30,7432,15761,452454,142323,1856,65163,17973,322341,852227,196319
3608,het,R,Male,3.0,0,Light Flicker,0,3.4499999999999997,30,4585,5021,193217,76351,935,32526,4833,105031,387994,102070
3608,het,R,Male,3.0,0,Light Flicker,0,4.2,30,2862,2323,155758,39949,1380,20719,1796,118494,235391,51531
3608,het,R,Male,3.0,0,Light Flicker,0,4.6499999999999995,30,1560,2601,234056,68758,348,38158,1989,145739,503789,83581
3608,het,R,Male,3.0,0,Light Flicker,0,4.05,30,15975,1523,164333,50237,4496,48522,879,85087,337839,67218
3608,het,R,Male,3.0,0,Light Flicker,0,3.15,30,7780,11716,539879,160326,1982,68334,10479,378002,945285,219742
3608,het,R,Male,3.0,0,Light Flicker,0,4.05,30,8184,1806,349621,76733,2192,47306,1650,224912,700678,99117
3608,het,R,Male,3.0,0,Light Flicker,0,3.5999999999999996,30,5452,4246,436997,128309,1888,34894,3799,312956,828748,168085
3608,het,R,Male,3.0,0,Light Flicker,0,4.2,30,1998,3317,330236,88658,486,32283,2135,246928,627032,108718
3608,het,R,Male,3.0,0,Light Flicker,0,3.75,30,9805,5374,411721,115695,3337,54942,4333,279166,772161,155759
3608,het,R,Male,3.0,0,Light Flicker,0,3.5999999999999996,30,10794,3853,207131,62661,3921,32556,2758,150952,294252,78518
3608,het,R,Male,3.0,0,Light Flicker,0,3.15,30,3097,422,112502,61114,891,7134,233,83784,223372,80688
3608,het,R,Male,3.0,0,Light Flicker,0,3.5999999999999996,30,1018,138,61503,26666,639,4031,116,42238,123179,35411
3608,het,R,Male,3.0,0,Light Flicker,0,3.0,30,1175,1582,178140,84862,304,13167,788,140467,320411,109102
3608,het,R,Male,3.0,0,Light Flicker,0,2.6999999999999997,30,558,1351,99404,52495,99,4824,920,56570,169386,69127
3608,het,R,Male,3.0,0,Light Flicker,0,3.4499999999999997,30,3939,2538,123759,51935,1236,23634,1199,92182,233485,67672
3608,het,R,Male,3.0,1,Light Flicker,0,3.15,30,3637,623,101943,47456,1059,6136,493,65119,193066,62631
3608,het,R,Male,3.0,0,Light Flicker,0,2.4,30,7281,2480,256841,113128,1899,21105,2685,204114,392227,152306
3608,het,R,Male,3.0,1,Light Flicker,0,3.4499999999999997,30,1429,2487,135984,55694,411,7531,2442,98020,270664,72267
3608,het,R,Male,3.0,0,Light Flicker,0,3.5999999999999996,30,1184,520,163824,58144,340,8027,442,105530,337741,78515
3608,het,R,Male,3.0,0,Light Flicker,0,3.3,30,1008,2737,147368,63580,229,17747,1792,104422,264762,85078
3608,het,R,Male,3.0,0,Light Flicker,0,3.5999999999999996,30,6757,5010,201520,71357,1584,52418,2737,119939,422321,93735
3608,het,R,Male,3.0,0,Light Flicker,0,3.0,30,18351,10691,437329,224969,5169,106122,8128,350382,779679,288763
3608,het,R,Male,3.0,0,Light Flicker,0,3.4499999999999997,30,1664,916,137986,41047,380,10639,609,86701,254047,58443
3608,het,R,Male,3.0,0,Light Flicker,0,3.15,30,1313,2359,154090,52194,334,15982,958,100108,254371,71184
3608,het,R,Male,3.0,1,Light Flicker,0,3.75,30,658,1440,177929,60263,91,13714,874,126877,369400,80092
3608,het,R,Male,3.0,0,Light Flicker,0,2.55,30,10382,14560,249005,111530,2977,67514,9687,174573,388914,141394
3608,het,R,Male,3.0,0,Light Flicker,0,2.55,30,16981,9332,328389,121918,4853,59511,5713,216126,547902,160139
3608,het,R,Male,3.0,0,Light Flicker,0,3.15,30,7154,2610,154624,65270,3791,12088,4242,128424,262293,86308
3608,het,R,Male,3.0,1,Light Flicker,0,2.55,30,21866,6828,326838,142471,7072,33158,7528,248896,461973,189747
3608,het,R,Male,3.0,1,Light Flicker,0,2.4,30,7089,16734,246072,110369,1863,52955,12322,176048,401261,143592
3608,het,R,Male,3.0,0,Light Flicker,0,2.4,30,6027,2364,224033,105488,3251,6705,2992,162493,368062,132591
3608,het,R,Male,3.0,0,Light Flicker,0,2.55,30,34512,17877,367755,179551,11655,122029,10055,275787,593099,214436
3608,het,R,Male,3.0,0,Light Flicker,0,3.5999999999999996,30,1394,1987,163285,58602,347,16884,1108,103434,272156,77715
3608,het,R,Male,3.0,0,Light Flicker,0,4.05,30,643,1426,185286,56549,174,18516,864,114784,360884,75694
3608,het,R,Male,3.0,0,Light Flicker,0,3.15,30,17626,15378,313806,150889,5022,104505,11903,207532,617842,184693
3608,het,R,Male,3.0,0,Light Flicker,0,3.15,30,6493,2612,205342,67907,1463,35995,1566,160794,322076,84776
3608,het,R,Male,3.0,0,Light Flicker,0,2.25,30,7072,25230,433630,203936,1706,62577,20171,318887,664625,268475
3608,het,R,Male,3.0,1,Light Flicker,0,3.15,30,19716,9622,244603,97074,6537,80415,8199,175641,401433,128968
3608,het,R,Male,3.0,1,Light Flicker,0,2.55,30,14312,11043,339924,127811,3271,65277,5727,235417,558641,162802
3608,het,R,Male,3.0,0,Light Flicker,0,3.3,30,2611,995,300984,85357,385,18996,1169,195407,576679,117419
3608,het,R,Male,3.0,0,Light Flicker,0,3.15,30,2983,2926,142349,49777,1623,4214,5251,110098,243283,66507
3655,het,R,Female,2.1,1,Light Flicker,0,3.15,15,21226,30162,97076,65729,4843,142443,39890,57726,209278,89665
3655,het,R,Female,2.1,0,Light Flicker,0,3.9,15,24393,40675,213655,115022,4845,210189,54608,99086,528967,154433
3655,het,R,Female,2.1,1,Light Flicker,0,2.85,15,31506,20973,184136,93302,7914,137265,31163,93618,386853,127509
3655,het,R,Female,2.1,0,Light Flicker,0,3.0,15,45534,33444,310767,170064,12112,154412,53839,176792,649575,239389
3655,het,R,Female,2.1,0,Light Flicker,0,4.05,15,9812,14764,107679,39407,1865,131188,13466,60046,218442,52968
3655,het,R,Female,2.1,0,Light Flicker,0,4.2,15,24178,5079,65131,27136,6663,68896,4019,36454,145595,37639
3655,het,R,Female,2.1,0,Light Flicker,0,3.5999999999999996,15,32825,40132,205795,94873,5572,240188,42080,97109,463077,120465
3655,het,R,Female,2.1,0,Light Flicker,0,3.4499999999999997,15,97857,119658,369193,174703,27977,712468,114249,219792,817891,211924
3655,het,R,Female,2.1,0,Light Flicker,0,3.75,15,11455,33506,117354,43058,2618,207715,29718,70709,217018,58600
3655,het,R,Female,2.1,1,Light Flicker,0,3.15,15,68514,62593,235803,118973,22543,290066,80200,141096,459830,153818
3655,het,R,Female,2.1,0,Light Flicker,0,3.15,15,73611,84377,233298,128191,18696,372319,81565,145841,443402,154309
3655,het,R,Female,2.1,0,Light Flicker,0,3.15,15,33315,87337,233397,107297,7000,380693,107219,123770,483863,148940
3655,het,R,Female,2.1,0,Light Flicker,0,3.0,15,56257,53179,178913,122070,13608,187252,78702,88668,383319,158979
3655,het,R,Female,2.1,0,Light Flicker,0,4.05,15,21053,28130,111824,47460,4412,205184,23414,59253,269858,61143
3655,het,R,Female,2.1,0,Light Flicker,0,2.85,15,44054,101638,251008,125855,10711,418500,107633,139102,447344,163963
3655,het,R,Female,2.1,0,Light Flicker,0,4.05,15,16981,36865,126019,49528,2649,254222,28433,61602,272573,62695
3655,het,R,Female,2.1,0,Light Flicker,0,2.6999999999999997,15,61584,79718,167568,102294,16407,310554,68361,94768,311729,129575
3655,het,R,Female,2.1,0,Light Flicker,0,4.2,15,15661,19332,139645,43029,3216,181208,16435,89342,260753,57118
3655,het,R,Female,2.1,0,Light Flicker,0,3.0,15,100926,116533,352573,210687,22849,533058,149973,178363,759464,278966
3655,het,R,Female,2.1,0,Light Flicker,0,3.15,15,119239,144647,340469,163248,26287,677792,171254,171665,717908,211472
3655,het,R,Female,2.1,0,Light Flicker,0,3.9,15,9768,23216,92734,31413,1669,129951,23317,46802,171953,43376
3655,het,R,Female,2.1,0,Light Flicker,0,3.4499999999999997,15,111822,74759,280996,166173,30833,456177,86579,160237,654920,210017
3655,het,R,Female,2.1,0,Light Flicker,0,2.85,15,43188,70959,190274,88426,11902,291291,72194,113257,338092,117050
3655,het,R,Female,2.1,0,Light Flicker,0,3.4499999999999997,15,54352,63443,261467,129382,13157,283231,83184,137667,580364,174282
3655,het,R,Female,2.1,0,Light Flicker,0,2.85,15,16531,25189,123182,53864,4205,95415,28704,71538,250826,71358
3655,het,R,Female,2.1,0,Light Flicker,0,4.35,15,7968,7501,59255,24106,2007,78291,5741,34056,149972,31240
3655,het,R,Female,2.1,0,Light Flicker,0,3.75,15,6245,27185,114285,44502,558,162535,23409,49507,240726,58101
3655,het,R,Female,2.1,0,Light Flicker,0,3.4499999999999997,15,38859,51131,159756,91519,7683,318091,48182,93958,358569,117681
3655,het,R,Female,2.1,0,Light Flicker,0,3.4499999999999997,15,26548,51114,140084,70026,3719,291224,46744,67406,291117,90096
3655,het,R,Female,2.1,0,Light Flicker,0,4.05,15,13550,17984,190400,65613,1702,161346,15441,92290,421932,85950
3655,het,R,Female,2.1,0,Light Flicker,0,3.3,15,22393,24228,159597,60955,4077,171046,22187,90099,277939,79320
3655,het,R,Female,2.1,0,Light Flicker,0,3.3,15,9665,13316,41537,23337,1903,73964,13883,24347,80347,30538
3655,het,R,Female,2.1,0,Light Flicker,0,4.8,15,78472,22987,363825,100437,17381,705772,17203,173924,1058789,121452
3655,het,R,Female,2.1,0,Light Flicker,0,3.75,15,17858,24994,93655,49037,3357,199947,20599,54875,202156,61837
3655,het,R,Female,2.1,0,Light Flicker,0,2.6999999999999997,15,19493,51547,162946,70267,3046,184426,46678,88325,282229,95162
3655,het,R,Female,2.1,0,Light Flicker,0,3.4499999999999997,15,24341,15846,137164,61823,4438,133132,17288,63223,292139,80148
3655,het,R,Female,2.1,0,Light Flicker,0,3.3,15,35434,48262,149705,59811,8906,250946,50119,78153,269703,80681
3655,het,R,Female,2.1,1,Light Flicker,0,3.4499999999999997,15,42080,40334,265141,96432,6741,264414,40900,141770,519604,121558
3655,het,R,Female,2.1,0,Light Flicker,0,3.3,15,29220,30284,189873,65538,7495,201847,27559,109293,328256,86830
3655,het,R,Female,2.1,0,Light Flicker,0,3.75,15,19468,20361,125411,56527,3186,167610,19029,73810,258068,75428
3655,het,R,Female,2.1,1,Light Flicker,0,2.55,15,71482,104423,233893,155797,16181,347591,132631,125294,480977,208148
3655,het,R,Female,2.1,0,Light Flicker,0,4.35,15,21957,11098,78198,35230,6059,135349,9658,50285,159638,45410
3655,het,R,Female,2.1,0,Light Flicker,0,2.55,15,125801,125723,335690,174445,42606,462964,115466,199763,589102,221725
3655,het,R,Female,2.1,0,Light Flicker,0,2.55,15,13589,25387,142780,64149,4098,75811,24007,81132,199827,83354
3655,het,R,Female,2.1,1,Light Flicker,0,3.0,15,32607,57305,128157,87770,7025,224882,65728,68464,310725,111801
3655,het,R,Female,2.1,0,Light Flicker,0,2.85,15,70260,97801,272715,141485,17222,397506,108672,146798,512894,182535
3655,het,R,Female,2.1,0,Light Flicker,0,3.3,15,49518,43005,163702,65354,13295,248124,42421,95918,264004,82537
3655,het,R,Female,2.1,0,Light Flicker,0,3.75,15,32029,37693,118980,54938,6160,245825,35516,61598,252179,72830
3655,het,R,Female,2.1,0,Light Flicker,0,3.75,15,43066,49448,155976,70321,7824,386493,48613,76867,373567,91764
3655,het,R,Female,2.1,0,Light Flicker,0,3.3,15,35013,41876,156888,59350,8867,228376,37293,80142,277277,77951
3655,het,R,Female,2.1,0,Light Flicker,0,3.3,15,56318,59418,179833,101884,11632,382788,61725,89166,390632,124906
3655,het,R,Female,2.1,0,Light Flicker,0,3.15,15,18475,23452,144575,50350,5343,54194,46405,91543,259019,67439
3655,het,R,Female,2.1,1,Light Flicker,0,3.0,15,29303,27669,185623,103662,8044,157255,23191,130546,364637,130280
3655,het,R,Female,2.1,0,Light Flicker,0,2.85,15,20326,25689,213194,87156,5325,125875,20813,124429,324052,110621
3655,het,R,Female,2.1,0,Light Flicker,0,3.0,15,41267,24544,291958,100251,10951,195581,23153,195832,489947,138710
3655,het,R,Female,2.1,0,Light Flicker,0,2.25,15,57474,70734,526797,269636,14039,225325,55177,325379,769675,331663
3655,het,R,Female,2.1,0,Light Flicker,0,2.55,15,106890,106104,536412,249940,31837,474521,82599,326898,867143,290804
3655,het,R,Female,2.1,0,Light Flicker,0,3.0,15,24951,24516,245961,99148,6447,151902,17241,167217,405878,123565
3655,het,R,Female,2.1,0,Light Flicker,0,3.0,15,14552,6676,225928,72505,3174,62747,4506,133881,305088,92879
3655,het,R,Female,2.1,0,Light Flicker,0,2.55,15,49937,52390,415192,194179,15217,232647,48728,280262,647267,248173
3655,het,R,Female,2.1,0,Light Flicker,0,2.4,15,59806,53468,416113,160927,15906,222325,43824,255842,608643,206868
3655,het,R,Female,2.1,0,Light Flicker,0,3.3,15,31703,24409,169535,75762,8386,168873,19888,114049,279190,94540
3655,het,R,Female,2.1,0,Light Flicker,0,2.6999999999999997,15,14927,29237,371694,148061,3255,121768,23004,190448,627090,187338
3655,het,R,Female,2.1,0,Light Flicker,0,3.0,15,45406,64014,469436,204489,9779,280673,64078,265180,834909,261627
3655,het,R,Female,2.1,0,Light Flicker,0,2.6999999999999997,15,28564,44210,295261,126777,7058,175297,33618,203307,453885,158131
3655,het,R,Female,2.1,0,Light Flicker,0,2.85,15,23117,14949,289776,105435,5315,117814,11497,163205,486249,131807
3655,het,R,Female,2.1,0,Light Flicker,0,3.3,15,33252,18477,154376,68471,10798,150635,13969,107950,257055,82443
3655,het,R,Female,2.1,0,Light Flicker,0,3.4499999999999997,15,24043,24481,218292,79083,7632,156073,20891,172735,348852,100810
3655,het,R,Female,2.1,0,Light Flicker,0,2.6999999999999997,15,52981,43733,257196,106550,16786,258854,31053,170288,383512,130041
3655,het,R,Female,2.1,0,Light Flicker,0,3.4499999999999997,15,32752,21832,250809,82108,7585,210374,14732,145238,402184,101299
3655,het,R,Female,2.1,0,Light Flicker,0,3.15,15,20575,13708,253256,74591,4012,123609,10139,171086,350242,90391
3655,het,R,Female,2.1,0,Light Flicker,0,3.3,15,19789,23825,259836,84073,3606,157095,17054,152536,444360,108222
3655,het,R,Female,2.1,0,Light Flicker,0,4.35,15,13911,9574,223111,52847,2931,143047,6921,147073,412138,67458
3655,het,R,Female,2.1,0,Light Flicker,0,3.4499999999999997,15,23928,23571,176472,85833,6381,173633,24113,108226,412856,116367
3655,het,R,Female,2.1,1,Light Flicker,0,2.6999999999999997,15,42734,86275,394463,182494,9378,330025,93263,211899,698830,236262
3655,het,R,Female,2.1,0,Light Flicker,0,3.0,15,25910,18407,122719,48216,7005,92140,24427,65563,195577,64261
3655,het,R,Female,2.1,0,Light Flicker,0,3.9,15,6956,5193,158043,46416,1335,27830,9521,107058,258956,62032
3655,het,R,Female,2.1,1,Light Flicker,0,2.4,15,59038,69045,316749,158871,15467,250800,86365,218502,564332,218963
3655,het,R,Female,2.1,0,Light Flicker,0,2.55,15,146248,81340,833536,401433,37320,427313,106649,478615,1526971,511495
3655,het,R,Female,2.1,0,Light Flicker,0,3.3,15,8009,17234,180122,52344,1555,38640,26334,128134,262359,72627
3655,het,R,Female,2.1,0,Light Flicker,0,4.2,15,10742,9353,150276,47300,1898,118759,7834,96253,274118,57283
3655,het,R,Female,2.1,0,Light Flicker,0,3.0,15,45027,37712,242830,93600,13253,248255,29585,174755,381777,116785
3655,het,R,Female,2.1,0,Light Flicker,0,3.5999999999999996,15,24191,17260,178007,57780,6730,142127,14096,125409,296197,74221
3655,het,R,Female,2.1,0,Light Flicker,0,3.3,15,19848,29079,229141,82355,5710,168605,25715,160202,364243,104615
3655,het,R,Female,2.1,0,Light Flicker,0,3.0,15,16583,22120,212140,78558,2132,143529,19930,104386,368597,101622
3655,het,R,Female,2.1,0,Light Flicker,0,3.0,15,16922,19145,149304,43915,5105,89363,19166,101275,207187,59638
3655,het,R,Female,2.1,1,Light Flicker,0,2.25,15,39651,35456,251507,86756,11251,138526,48951,168768,370998,120260
3655,het,R,Female,2.1,0,Light Flicker,0,2.85,15,32918,51502,293293,109243,5142,238517,57915,154589,520568,143445
3655,het,R,Female,2.1,0,Light Flicker,0,3.0,15,72270,69802,627710,311377,18637,331361,80798,367100,1263187,369096
3655,het,R,Female,2.1,1,Light Flicker,0,3.3,15,53906,34708,242318,73957,18120,276445,31172,151140,365364,94055
3655,het,R,Female,2.1,0,Light Flicker,0,3.5999999999999996,15,16259,14770,155289,61293,3974,99947,14866,114717,246665,71047
3655,het,R,Female,2.1,0,Light Flicker,0,3.75,15,31417,18980,181695,61656,10441,184250,16228,123972,312511,76707
3655,het,R,Female,2.1,0,Light Flicker,0,3.75,15,27526,20999,143273,48845,8193,163500,22666,86176,264063,68206
3655,het,R,Female,2.1,0,Light Flicker,0,2.6999999999999997,15,38754,88439,380792,139878,6753,331182,100818,238804,620896,188587
3655,het,R,Female,2.1,0,Light Flicker,0,3.15,15,80662,36952,234945,110674,39124,260312,31616,182259,413005,132700
3655,het,R,Female,2.1,0,Light Flicker,0,3.3,15,56529,52454,392758,156088,13641,358588,48424,232626,741150,198784
3655,het,R,Female,2.1,0,Light Flicker,0,3.4499999999999997,15,57889,67798,259205,109536,17221,426173,72233,165522,524115,142087
3655,het,R,Female,2.1,0,Light Flicker,0,5.25,15,3393,4294,115785,47893,278,71479,3789,65909,319307,62529
3655,het,R,Female,2.1,0,Light Flicker,0,4.5,15,1570,3915,51650,19162,142,32024,2932,31243,95052,25404
3655,het,R,Female,2.1,0,Light Flicker,0,2.4,15,1863,2604,93800,38585,409,6381,3841,60420,146523,52847
3655,het,R,Female,2.1,0,Light Flicker,0,3.15,15,31088,40936,110716,61252,8397,210004,38799,68413,207203,81767
3655,het,R,Female,2.1,0,Light Flicker,0,3.9,15,4200,10203,100182,58787,361,83952,7646,57963,233610,74702
3655,het,R,Female,2.1,0,Light Flicker,0,3.3,15,13310,19107,135165,43772,4118,79410,21503,93261,213004,58617
3655,het,R,Female,2.1,0,Light Flicker,0,4.35,15,55245,10005,268562,127120,19315,143204,9623,170758,615783,174116
3655,het,R,Female,2.1,0,Light Flicker,0,4.2,15,20459,1389,104307,36300,5364,55685,882,66118,191780,46095
3655,het,R,Female,2.1,1,Light Flicker,0,4.35,15,10925,7387,118654,49602,3299,58070,7693,76636,255962,69195
3655,het,R,Female,2.1,0,Light Flicker,0,4.35,15,6658,11952,126420,51454,1234,85113,13098,78828,267809,72051
3655,het,R,Female,2.1,0,Light Flicker,0,6.75,15,2233,236,73127,21537,421,15377,149,43313,177268,25910
3655,het,R,Female,2.1,0,Light Flicker,0,3.0,15,56926,75755,243220,153635,14208,318750,82381,120141,514747,192405
3655,het,R,Female,2.1,0,Light Flicker,0,6.1499999999999995,15,9522,4686,168110,55442,1121,99309,3641,99179,443927,70371
3655,het,R,Female,2.1,0,Light Flicker,0,4.35,15,17313,23749,133855,51082,3387,183196,26576,80161,258631,72541
3655,het,R,Female,2.1,0,Light Flicker,0,4.05,15,21483,16064,220753,111223,2213,119770,18410,115696,558649,153202
3655,het,R,Female,2.1,1,Light Flicker,0,2.4,15,2690,3976,79914,28023,457,13697,5738,43664,125871,36286
3655,het,R,Female,2.1,0,Light Flicker,0,3.9,15,18507,15714,97460,39812,4843,120387,10380,57935,162809,49701
3655,het,R,Female,2.1,1,Light Flicker,0,3.15,15,41581,37027,162376,72971,12316,177492,36402,105494,265209,85975
3655,het,R,Female,2.1,0,Light Flicker,0,2.4,15,6851,941,94393,34716,2451,7681,4279,53646,130537,49948
3655,het,R,Female,2.1,0,Light Flicker,0,2.4,15,5462,12116,173723,36973,865,35273,17904,110994,212884,59731
3657,het,R,Female,2.1,0,Dark,0,3.0,30,25298,12571,211256,197928,16291,60346,19946,205704,591353,280450
3657,het,R,Female,2.1,0,Dark,0,2.4,30,119036,118812,1118666,1047190,78620,397465,149365,1075724,2558063,1472672
3657,het,R,Female,2.1,0,Dark,0,2.4,30,167244,143697,1498744,1399403,95177,586917,179099,1403151,3487938,1940795
3657,het,R,Female,2.1,1,Dark,0,2.4,30,50328,55084,565799,562165,31640,199579,74992,546311,1366640,787222
3657,het,R,Female,2.1,0,Dark,0,2.25,30,120098,113774,1205070,1212371,72830,365042,174975,1040510,2696726,1686497
3657,het,R,Female,2.1,1,Dark,0,4.95,30,45859,15686,378473,328504,30934,187604,24052,378505,1809476,463773
3657,het,R,Female,2.1,0,Dark,0,3.0,30,19929,4889,116853,93968,18447,29325,7716,153825,298777,131696
3657,het,R,Female,2.1,0,Dark,0,2.4,30,304198,155010,2137216,1752346,241369,630704,224477,2682341,4499159,2417534
3657,het,R,Female,2.1,1,Dark,0,2.4,30,127165,121111,993501,839524,101375,410120,136545,1256950,2089302,1172609
3657,het,R,Female,2.1,1,Dark,0,2.55,30,112586,100140,785415,766778,85999,392041,110110,1023614,1928380,1059166
3657,het,R,Female,2.1,1,Dark,0,2.85,30,245080,144629,1725098,1491799,186925,765911,177388,2186032,4450901,2063500
3657,het,R,Female,2.1,0,Dark,0,3.5999999999999996,30,97103,46401,1127173,707582,59229,238447,68215,998362,2912827,938472
3657,het,R,Female,2.1,0,Dark,0,3.9,30,105854,28873,467527,280200,59390,301021,30469,435856,1110200,356201
3657,het,R,Female,2.1,0,Dark,0,4.95,30,34668,19876,478514,359748,24619,168806,27987,482619,1799611,494083
3657,het,R,Female,2.1,0,Dark,0,7.05,30,222977,56522,2832013,1485584,165129,1144381,89293,3097390,13727552,2092466
3657,het,R,Female,2.1,0,Dark,0,4.35,30,54436,31975,570487,353027,32471,214576,38657,498123,1532175,475497
3657,het,R,Female,2.1,0,Dark,0,4.35,30,53534,34261,825718,597736,39290,240846,48997,822755,2678543,833138
3657,het,R,Female,2.1,0,Dark,0,2.85,30,176357,118655,1860104,1398061,116899,589711,154431,1940095,4105590,1957765
3657,het,R,Female,2.1,0,Dark,0,3.0,30,71255,54288,919818,869910,54944,230778,75722,1002477,2574361,1199111
3657,het,R,Female,2.1,0,Dark,0,4.35,30,105883,69953,1618391,1236241,79506,489120,99673,1659046,5616685,1704515
3657,het,R,Female,2.1,0,Dark,0,3.5999999999999996,30,59498,50269,835583,672143,40201,286410,64875,782774,2385114,907909
3657,het,R,Female,2.1,0,Dark,0,3.4499999999999997,30,133675,100057,1578483,1027862,87604,618741,108256,1560111,3927292,1399556
3657,het,R,Female,2.1,0,Dark,0,3.3,30,220278,144118,2481081,1803938,154659,802188,184440,2643289,6354604,2464435
3657,het,R,Female,2.1,0,Dark,0,3.4499999999999997,30,240415,118324,2595125,1748260,145892,831453,150271,2528218,6642633,2363303
3657,het,R,Female,2.1,0,Dark,0,4.05,30,93353,50124,1257908,905171,65680,383651,68775,1244439,3855285,1232409
3657,het,R,Female,2.1,0,Dark,0,2.6999999999999997,30,125057,65092,2157038,1870626,117211,239805,135469,2439845,5556186,2577398
3657,het,R,Female,2.1,0,Dark,0,2.6999999999999997,30,115787,66166,1935159,1682801,108973,227394,130522,2221725,4931627,2320561
3657,het,R,Female,2.1,0,Dark,0,4.05,30,95095,59998,1030649,827867,68369,350631,80400,1056427,3345365,1148183
3657,het,R,Female,2.1,1,Dark,0,3.5999999999999996,30,76205,53557,899724,730916,49786,347308,63684,857774,2616178,959092
3657,het,R,Female,2.1,0,Dark,0,2.55,30,119476,106799,1543879,1537987,94510,337330,162041,1715064,3885757,2107831
3657,het,R,Female,2.1,0,Dark,0,3.9,30,38673,25459,542500,378036,27781,97880,32987,545338,1455122,500557
3657,het,R,Female,2.1,0,Dark,0,2.4,30,133703,74415,2218741,1859388,200691,194321,146125,2935343,4710086,2435100
3657,het,R,Female,2.1,0,Dark,0,3.5999999999999996,30,137306,98837,1908515,1415827,98178,482970,147815,1884604,5465154,1959119
3657,het,R,Female,2.1,0,Dark,0,4.35,30,51453,28498,608098,431003,33461,236484,36761,629480,1901739,577367
3657,het,R,Female,2.1,0,Dark,0,3.5999999999999996,30,135040,92190,1574432,1360282,98378,485276,130433,1686647,4922549,1890582
3657,het,R,Female,2.1,0,Dark,0,3.75,30,19731,13646,287449,186489,22800,48577,16868,347844,906030,250949
3657,het,R,Female,2.1,0,Dark,0,4.05,30,48759,36916,703843,554072,34368,242036,45860,695590,2209663,733411
3657,het,R,Female,2.1,1,Dark,0,3.5999999999999996,30,81422,58821,843514,674852,55668,349271,70572,877115,2516772,923771
3657,het,R,Female,2.1,0,Dark,0,4.5,30,112990,51280,1154431,807959,73023,483725,68451,1144620,4015496,1108580
3657,het,R,Female,2.1,0,Dark,0,2.55,30,160330,117039,1426635,1089783,100503,470825,171116,1464096,3190458,1524749
3657,het,R,Female,2.1,0,Dark,0,2.4,30,89602,27617,962120,957066,63305,138970,54514,961893,2280858,1332629
3657,het,R,Female,2.1,0,Dark,0,3.4499999999999997,30,144768,101845,1339136,1032452,91640,431191,125566,1404608,3878487,1435352
3657,het,R,Female,2.1,0,Dark,0,3.0,30,152533,114552,1917917,1629380,110227,557148,150830,2045402,4979094,2212972
3657,het,R,Female,2.1,0,Dark,0,3.5999999999999996,30,146782,63102,1845602,1377820,102706,329746,112998,1812755,5916539,1909193
3657,het,R,Female,2.1,1,Dark,0,4.05,30,108015,62702,965880,730067,65383,463063,75045,956677,3150153,1001443
3657,het,R,Female,2.1,0,Dark,0,4.8,30,77852,31097,762756,584703,49256,272451,48721,791713,3052099,813914
3657,het,R,Female,2.1,0,Dark,0,2.55,30,85314,38368,846066,646902,55067,211189,59328,869512,1986111,898316
3657,het,R,Female,2.1,1,Dark,0,3.5999999999999996,30,148883,111588,1624741,1314405,95837,650920,140373,1621005,4883147,1828578
3657,het,R,Female,2.1,0,Dark,0,3.5999999999999996,30,116513,97539,1324715,1069373,74961,583365,120926,1313182,4045023,1488606
3657,het,R,Female,2.1,0,Dark,0,2.6999999999999997,30,107488,84570,1306239,1058037,76477,350124,109018,1361795,3047776,1461181
3657,het,R,Female,2.1,0,Dark,0,3.0,30,85044,53626,734910,658774,54378,289656,70375,790541,1971120,901818
