DJID,Genotype,Eye,Sex,Age_Months,eGFP_Value,Experimental_Condition,In_Rip,Length_um,Time_Condition,GluT1_Top_Surface_Integral,GluT1_Bot_Surface_Integral,WGA_Top_Surface_Integral,WGA_Bot_Surface_Integral,GluT1_Top_Integral,GluT1_Middle_Integral,GluT1_Bottom_Integral,WGA_Top_Integral,WGA_Middle_Integral,WGA_Bottom_Integral,file_name
3606,homo,R,Male,2.8,0,Light Flicker,0,3.15,90,1479,536,76754,74016,505,5809,663,39953,208316,101180,3606R_GLUT1_WGA_0001
3606,homo,R,Male,2.8,0,Light Flicker,0,3.0,90,16347,3372,458159,400865,4751,52233,2531,235829,1246983,536063,3606R_GLUT1_WGA_0001
3606,homo,R,Male,2.8,0,Light Flicker,0,3.9,90,9884,821,350610,236274,3134,32947,605,227705,1038931,287946,3606R_GLUT1_WGA_0001
3606,homo,R,Male,2.8,0,Light Flicker,0,3.15,90,5283,1610,284907,256255,1770,17525,1156,163510,827430,346459,3606R_GLUT1_WGA_0001
3606,homo,R,Male,2.8,0,Light Flicker,0,3.3,90,5946,2724,245853,216915,1202,29066,2288,126923,670694,291722,3606R_GLUT1_WGA_0001
3606,homo,R,Male,2.8,0,Light Flicker,0,4.05,90,4090,1934,210182,207983,801,28133,1156,108756,757174,263362,3606R_GLUT1_WGA_0001
3606,homo,R,Male,2.8,0,Light Flicker,0,2.6999999999999997,90,15214,8403,376630,323680,4457,71028,6706,202875,889977,445611,3606R_GLUT1_WGA_0001
3606,homo,R,Male,2.8,0,Light Flicker,0,3.0,90,5337,1698,255003,204497,1767,15935,1807,160829,676050,288204,3606R_GLUT1_WGA_0001
3606,homo,R,Male,2.8,0,Light Flicker,0,3.4499999999999997,90,11075,1781,416883,345829,4058,27596,1761,259535,1225168,461761,3606R_GLUT1_WGA_0001
3606,homo,R,Male,2.8,0,Light Flicker,0,3.5999999999999996,90,7083,1615,199708,158119,2701,23867,1132,113009,514432,193519,3606R_GLUT1_WGA_0001
3606,homo,R,Male,2.8,0,Light Flicker,0,4.8,90,3476,169,147072,113933,1332,4843,239,79814,493959,153131,3606R_GLUT1_WGA_0001
3606,homo,R,Male,2.8,0,Light Flicker,0,3.9,90,7554,438,203595,157461,2769,19424,213,119339,641965,207435,3606R_GLUT1_WGA_0001
3606,homo,R,Male,2.8,0,Light Flicker,0,3.75,90,6603,1156,226363,198539,1819,24418,704,119430,692144,247632,3606R_GLUT1_WGA_0001
3606,homo,R,Male,2.8,0,Light Flicker,0,3.75,90,5498,3172,188142,186366,1142,36623,1683,79193,583573,233643,3606R_GLUT1_WGA_0001
3606,homo,R,Male,2.8,0,Light Flicker,0,3.75,90,6001,1055,216260,183943,2725,22164,660,132620,663872,232495,3606R_GLUT1_WGA_0001
3606,homo,R,Male,2.8,0,Light Flicker,0,2.25,90,11876,7619,311537,318833,4851,25376,13436,172872,704616,426925,3606R_GLUT1_WGA_0001
3606,homo,R,Male,2.8,0,Light Flicker,0,4.2,90,7467,1173,143190,121388,2200,23551,764,60890,481948,150007,3606R_GLUT1_WGA_0001
3606,homo,R,Male,2.8,0,Light Flicker,0,4.05,90,10718,854,256491,182870,4059,28687,476,171501,802809,231408,3606R_GLUT1_WGA_0001
3606,homo,R,Male,2.8,1,Light Flicker,0,3.75,90,15301,2766,376180,308721,4524,52158,2163,207365,1196400,384860,3606R_GLUT1_WGA_0001
3606,homo,R,Male,2.8,0,Light Flicker,0,3.3,90,18126,5846,372918,355098,6241,65943,4726,210968,1073507,464647,3606R_GLUT1_WGA_0001
3606,homo,R,Male,2.8,0,Light Flicker,0,3.75,90,9159,469,239432,191911,2939,17733,444,137613,782048,241966,3606R_GLUT1_WGA_0001
3606,homo,R,Male,2.8,0,Light Flicker,0,4.05,90,5680,791,83115,78458,1524,21785,634,35831,272524,95481,3606R_GLUT1_WGA_0001
3606,homo,R,Male,2.8,1,Light Flicker,0,4.8,90,11086,554,237506,155691,3821,32630,368,128834,958638,193407,3606R_GLUT1_WGA_0001
3606,homo,R,Male,2.8,0,Light Flicker,0,4.05,90,5918,1071,136078,129871,1675,24435,627,59988,462382,149770,3606R_GLUT1_WGA_0001
3606,homo,R,Male,2.8,0,Light Flicker,0,4.6499999999999995,90,15080,1061,250038,163978,5886,44051,787,140490,820713,204886,3606R_GLUT1_WGA_0001
3606,homo,R,Male,2.8,1,Light Flicker,0,3.15,90,16873,2869,363832,245972,5882,50016,2549,187642,1017745,346305,3606R_GLUT1_WGA_0001
3606,homo,R,Male,2.8,0,Light Flicker,0,3.75,90,27247,3060,381218,246527,8878,74710,2681,172593,1123258,329145,3606R_GLUT1_WGA_0001
3606,homo,R,Male,2.8,0,Light Flicker,0,4.2,90,27773,1849,512909,448071,9265,78566,1664,273339,1989003,572352,3606R_GLUT1_WGA_0001
3606,homo,R,Male,2.8,0,Light Flicker,0,3.75,90,35373,3650,352055,229268,12633,86543,2757,159246,1018698,312097,3606R_GLUT1_WGA_0001
3606,homo,R,Male,2.8,0,Light Flicker,0,4.8,90,10426,180,208666,117553,2863,29649,193,92041,705911,152889,3606R_GLUT1_WGA_0001
3606,homo,R,Male,2.8,0,Light Flicker,0,3.5999999999999996,90,19592,6043,486422,468770,7604,70804,5067,319028,1653108,609320,3606R_GLUT1_WGA_0001
3606,homo,R,Male,2.8,0,Light Flicker,0,3.0,90,8571,3429,411355,446733,3291,20459,3350,259854,1197157,608370,3606R_GLUT1_WGA_0001
3606,homo,R,Male,2.8,0,Light Flicker,0,4.2,90,13267,1182,260179,169129,4690,39032,621,143426,858759,227262,3606R_GLUT1_WGA_0001
3606,homo,R,Male,2.8,0,Light Flicker,0,4.95,90,11237,332,212158,123892,2979,38727,216,92096,772411,157715,3606R_GLUT1_WGA_0001
3606,homo,R,Male,2.8,0,Light Flicker,0,4.05,90,7949,772,199057,130592,3254,20027,432,125352,653614,177274,3606R_GLUT1_WGA_0001
3606,homo,R,Male,2.8,0,Light Flicker,0,4.05,90,32542,3106,413072,261236,9439,101167,1639,188019,1293348,326348,3606R_GLUT1_WGA_0001
3606,homo,R,Male,2.8,0,Light Flicker,0,4.05,90,36205,1828,430967,290541,12660,93300,1401,197433,1324672,358745,3606R_GLUT1_WGA_0001
3606,homo,R,Male,2.8,1,Light Flicker,0,2.6999999999999997,90,29784,6229,372037,309704,9486,73611,5865,171263,918910,427895,3606R_GLUT1_WGA_0001
3606,homo,R,Male,2.8,0,Light Flicker,0,4.95,90,6809,163,140059,95184,2371,15941,114,91274,469661,114922,3606R_GLUT1_WGA_0001
3606,homo,R,Male,2.8,0,Light Flicker,0,5.55,90,7797,164,124558,65531,2648,25229,54,70653,490860,84076,3606R_GLUT1_WGA_0001
3606,homo,R,Male,2.8,0,Light Flicker,0,4.5,90,10547,894,175467,102556,3835,31126,524,103209,492494,128583,3606R_GLUT1_WGA_0001
3606,homo,R,Male,2.8,0,Light Flicker,0,4.35,90,16995,1758,263649,131233,5097,55609,1127,122591,746830,169593,3606R_GLUT1_WGA_0001
3606,homo,R,Male,2.8,0,Light Flicker,0,4.05,90,16100,3922,289939,243083,4083,73017,2932,128306,1013357,313283,3606R_GLUT1_WGA_0001
3606,homo,R,Male,2.8,0,Light Flicker,0,4.5,90,11926,722,271642,227517,3405,35233,627,143598,989352,285745,3606R_GLUT1_WGA_0001
3606,homo,R,Male,2.8,0,Light Flicker,0,3.5999999999999996,90,13709,5390,225985,199579,4026,61064,3973,99498,684811,266966,3606R_GLUT1_WGA_0001
3606,homo,R,Male,2.8,0,Light Flicker,0,3.0,90,10669,2163,207428,163035,3335,29302,1783,96605,507572,228948,3606R_GLUT1_WGA_0001
3606,homo,R,Male,2.8,0,Light Flicker,0,3.3,90,13983,4270,385232,259755,4439,38693,4270,166163,1119400,345722,3606R_GLUT1_WGA_0001
3606,homo,R,Male,2.8,0,Light Flicker,0,3.0,90,6625,4567,457266,303489,5151,4984,8432,270813,935428,407126,3606R_GLUT1_WGA_0001
3606,homo,R,Male,2.8,0,Light Flicker,0,3.3,90,23522,4917,243370,197950,7239,70413,4034,116988,609659,270183,3606R_GLUT1_WGA_0001
3606,homo,R,Male,2.8,0,Light Flicker,0,4.8,90,13871,686,234942,174492,4627,43786,437,129912,865823,212619,3606R_GLUT1_WGA_0001
3606,homo,R,Male,2.8,0,Light Flicker,0,4.05,90,12872,1417,199726,132590,4636,33459,1004,94274,589182,157344,3606R_GLUT1_WGA_0001
3606,homo,R,Male,2.8,0,Light Flicker,0,4.8,90,14107,510,195829,160106,6071,27854,285,104053,719888,197496,3606R_GLUT1_WGA_0001
3606,homo,R,Male,2.8,0,Light Flicker,0,4.2,90,13011,1602,198627,113514,3916,35794,1021,89983,579323,150647,3606R_GLUT1_WGA_0001
3606,homo,R,Male,2.8,0,Light Flicker,0,2.55,90,35686,11714,1234076,796307,25620,30377,24838,706663,2595319,1099355,3606R_GLUT1_WGA_0001
3606,homo,R,Male,2.8,0,Light Flicker,0,3.3,90,9354,4352,201113,229681,1774,51730,2868,71178,672656,284300,3606R_GLUT1_WGA_0001
3606,homo,R,Male,2.8,0,Light Flicker,0,4.5,90,4282,462,111017,72021,2120,3065,752,49703,346303,86808,3606R_GLUT1_WGA_0001
3606,homo,R,Male,2.8,0,Light Flicker,0,3.9,90,10956,1762,191213,168301,2376,38863,1228,66589,671300,216888,3606R_GLUT1_WGA_0001
3606,homo,R,Male,2.8,1,Light Flicker,0,4.35,90,21575,2920,289200,235163,4403,83678,2318,100470,1225667,309446,3606R_GLUT1_WGA_0001
3606,homo,R,Male,2.8,0,Light Flicker,0,4.5,90,15579,976,390103,268528,4522,49510,1182,169603,1422206,352615,3606R_GLUT1_WGA_0001
3606,homo,R,Male,2.8,0,Light Flicker,0,4.8,90,20973,1013,217168,143365,7567,60682,575,100312,781168,177933,3606R_GLUT1_WGA_0001
3606,homo,R,Male,2.8,0,Light Flicker,0,4.2,90,14594,2172,243734,161772,3180,56966,1602,86201,862288,211202,3606R_GLUT1_WGA_0001
3606,homo,R,Male,2.8,0,Light Flicker,0,4.5,90,10896,2214,206338,137763,1985,56033,1428,72780,769493,176627,3606R_GLUT1_WGA_0001
3606,homo,R,Male,2.8,0,Light Flicker,0,4.8,90,25230,470,308306,273379,10379,61547,455,170096,1247581,333205,3606R_GLUT1_WGA_0001
3606,homo,R,Male,2.8,1,Light Flicker,0,4.05,90,15142,1388,278615,228937,3180,58033,1101,100395,1045820,292817,3606R_GLUT1_WGA_0001
3606,homo,R,Male,2.8,0,Light Flicker,0,4.35,90,19579,2071,351581,245341,6555,61295,1459,167219,1192439,310651,3606R_GLUT1_WGA_0001
3606,homo,R,Male,2.8,0,Light Flicker,0,4.5,90,8354,994,202037,169275,2363,26807,957,90199,723652,211139,3606R_GLUT1_WGA_0001
3606,homo,R,Male,2.8,0,Light Flicker,0,4.95,90,16059,342,222626,114264,5968,54456,189,119301,751618,144782,3606R_GLUT1_WGA_0001
3606,homo,R,Male,2.8,0,Light Flicker,0,3.9,90,29339,2186,542917,396411,8898,73544,1836,230731,1805795,515592,3606R_GLUT1_WGA_0001
3606,homo,R,Male,2.8,0,Light Flicker,0,3.4499999999999997,90,13904,3846,272426,186435,2872,67284,4095,100107,895163,263296,3606R_GLUT1_WGA_0001
3606,homo,R,Male,2.8,0,Light Flicker,0,4.35,90,5973,534,156289,121281,2370,20535,338,75564,498707,152678,3606R_GLUT1_WGA_0001
3606,homo,R,Male,2.8,0,Light Flicker,0,4.35,90,19557,3295,343689,287197,6444,76043,2074,162277,1158436,363580,3606R_GLUT1_WGA_0001
3606,homo,R,Male,2.8,0,Light Flicker,0,5.7,90,13025,126,236571,125836,3477,35884,61,97815,900017,154011,3606R_GLUT1_WGA_0001
3606,homo,R,Male,2.8,0,Light Flicker,0,4.5,90,8787,1299,227478,189746,1716,39432,1034,80009,959647,251551,3606R_GLUT1_WGA_0001
3606,homo,R,Male,2.8,0,Light Flicker,0,3.5999999999999996,90,14086,7414,460720,402440,2628,89246,6961,170500,1677358,557817,3606R_GLUT1_WGA_0001
3606,homo,R,Male,2.8,0,Light Flicker,0,3.5999999999999996,90,13924,4563,412970,398647,4611,36408,3427,196952,1303838,482742,3606R_GLUT1_WGA_0001
3606,homo,R,Male,2.8,1,Light Flicker,0,4.35,90,9125,1480,221913,156458,2739,34731,1158,105872,730254,202190,3606R_GLUT1_WGA_0001
3606,homo,R,Male,2.8,0,Light Flicker,0,3.5999999999999996,90,6436,1371,199010,147573,1352,26639,1091,73623,602615,197890,3606R_GLUT1_WGA_0001
3606,homo,R,Male,2.8,0,Light Flicker,0,5.85,90,6469,134,180687,97684,1972,23023,45,77721,734528,124794,3606R_GLUT1_WGA_0001
3606,homo,R,Male,2.8,0,Light Flicker,0,5.25,90,12321,338,163276,115499,4279,30239,161,88897,617652,144028,3606R_GLUT1_WGA_0001
3606,homo,R,Male,2.8,0,Light Flicker,0,4.35,90,7411,1310,151556,121411,2047,28385,1218,54290,590109,162080,3606R_GLUT1_WGA_0001
3653,homo,L,Male,1.9,0,Light Flicker,0,2.4,30,113,276,291861,163304,16,526,228,226265,477531,198308,3653L_GLUT1_WGA_0001
3653,homo,L,Male,1.9,0,Light Flicker,0,2.4,30,134,701,282243,142189,26,1373,477,207117,444118,184979,3653L_GLUT1_WGA_0001
3653,homo,L,Male,1.9,0,Light Flicker,0,2.4,30,128,937,277444,139257,22,1821,833,209378,438790,190639,3653L_GLUT1_WGA_0001
3653,homo,L,Male,1.9,1,Light Flicker,0,2.6999999999999997,30,117,110,126840,72085,12,390,74,97360,233357,93157,3653L_GLUT1_WGA_0001
3653,homo,L,Male,1.9,0,Light Flicker,0,2.4,30,131,670,238386,104426,14,1525,370,189930,329053,128426,3653L_GLUT1_WGA_0001
3653,homo,L,Male,1.9,1,Light Flicker,0,2.6999999999999997,30,79,215,171243,116286,8,594,97,144185,329640,135931,3653L_GLUT1_WGA_0001
3653,homo,L,Male,1.9,0,Light Flicker,0,2.6999999999999997,30,142,466,207196,102627,8,1739,283,151370,339342,132352,3653L_GLUT1_WGA_0001
3653,homo,L,Male,1.9,0,Light Flicker,0,2.85,30,52,124,159674,96452,6,462,75,118525,337727,123187,3653L_GLUT1_WGA_0001
3653,homo,L,Male,1.9,0,Light Flicker,0,3.0,30,784,460,255217,160744,153,3126,306,223090,518266,198828,3653L_GLUT1_WGA_0001
3653,homo,L,Male,1.9,0,Light Flicker,0,3.75,30,644,326,529447,201622,55,6974,332,397082,1240549,254065,3653L_GLUT1_WGA_0001
3653,homo,L,Male,1.9,0,Light Flicker,0,3.0,30,19,30,56006,33756,1,141,28,40872,110498,46464,3653L_GLUT1_WGA_0001
3653,homo,L,Male,1.9,0,Light Flicker,0,3.75,30,534,82,166658,83427,108,1524,69,144307,373345,104068,3653L_GLUT1_WGA_0001
3653,homo,L,Male,1.9,0,Light Flicker,0,3.0,30,119,194,204134,75749,27,1083,95,150329,355866,101818,3653L_GLUT1_WGA_0001
3653,homo,L,Male,1.9,0,Light Flicker,0,3.0,30,49,124,205946,109539,5,756,86,173643,406645,146528,3653L_GLUT1_WGA_0001
3653,homo,L,Male,1.9,0,Light Flicker,0,3.4499999999999997,30,19,552,110067,71746,2,691,406,88600,251138,82761,3653L_GLUT1_WGA_0001
3653,homo,L,Male,1.9,1,Light Flicker,0,2.85,30,121,852,321974,188569,14,2973,583,224744,660240,225101,3653L_GLUT1_WGA_0001
3653,homo,L,Male,1.9,1,Light Flicker,0,3.0,30,158,261,157250,82522,29,989,158,140567,278179,104750,3653L_GLUT1_WGA_0001
3653,homo,L,Male,1.9,0,Light Flicker,0,2.55,30,904,1412,386291,210421,420,4166,790,308152,697712,262549,3653L_GLUT1_WGA_0001
3653,homo,L,Male,1.9,0,Light Flicker,0,2.85,30,112,322,75819,43373,3,1388,218,64107,122156,53082,3653L_GLUT1_WGA_0001
3653,homo,L,Male,1.9,0,Light Flicker,0,2.55,30,266,80,155031,70177,90,360,61,135090,222984,90663,3653L_GLUT1_WGA_0001
3653,homo,L,Male,1.9,0,Light Flicker,0,2.6999999999999997,30,173,298,227099,115226,38,923,156,199820,381846,145234,3653L_GLUT1_WGA_0001
3653,homo,L,Male,1.9,0,Light Flicker,0,2.55,30,250,387,328368,142015,46,1436,242,293844,527251,181378,3653L_GLUT1_WGA_0001
3653,homo,L,Male,1.9,0,Light Flicker,0,2.55,30,118,397,213701,147000,16,912,252,168925,435213,183113,3653L_GLUT1_WGA_0001
3653,homo,L,Male,1.9,0,Light Flicker,0,3.75,30,1488,109,221163,71710,305,1828,74,187829,501476,91026,3653L_GLUT1_WGA_0001
3653,homo,L,Male,1.9,0,Light Flicker,0,2.55,30,134,339,241331,98254,12,1078,209,190546,346134,121399,3653L_GLUT1_WGA_0001
3653,homo,L,Male,1.9,0,Light Flicker,0,5.25,30,913,24,369121,87307,97,3116,19,298708,821004,119133,3653L_GLUT1_WGA_0001
3653,homo,L,Male,1.9,0,Light Flicker,0,2.6999999999999997,30,157,297,214559,102495,45,1002,192,191785,368384,131792,3653L_GLUT1_WGA_0001
3653,homo,L,Male,1.9,0,Light Flicker,0,3.5999999999999996,30,1380,241,600082,198088,171,5857,244,463891,1199189,247442,3653L_GLUT1_WGA_0001
3653,homo,L,Male,1.9,0,Light Flicker,0,3.5999999999999996,30,498,143,255330,85196,47,2183,124,194551,478814,107549,3653L_GLUT1_WGA_0001
3653,homo,L,Male,1.9,0,Light Flicker,0,3.0,30,271,144,165184,65362,16,1501,86,148043,249147,81040,3653L_GLUT1_WGA_0001
3653,homo,L,Male,1.9,0,Light Flicker,0,2.4,30,111,389,143207,71931,15,1316,230,122648,205782,92783,3653L_GLUT1_WGA_0001
3653,homo,L,Male,1.9,0,Light Flicker,0,3.0,30,530,480,235612,103988,127,3678,227,202833,403736,122536,3653L_GLUT1_WGA_0001
3653,homo,L,Male,1.9,0,Light Flicker,0,2.6999999999999997,30,141,67,116426,38015,16,619,103,117654,169608,52489,3653L_GLUT1_WGA_0001
3653,homo,L,Male,1.9,0,Light Flicker,0,3.5999999999999996,30,126,75,215995,76862,4,1406,45,183705,409513,94475,3653L_GLUT1_WGA_0001
3653,homo,L,Male,1.9,0,Light Flicker,0,3.0,30,69,57,172593,60048,9,510,70,142607,274485,80628,3653L_GLUT1_WGA_0001
3653,homo,L,Male,1.9,0,Light Flicker,0,2.6999999999999997,30,33,19,59304,25224,16,89,20,52261,82963,33128,3653L_GLUT1_WGA_0001
3653,homo,L,Male,1.9,0,Light Flicker,0,4.5,30,1389,72,667107,158061,180,9679,84,595726,1471670,211462,3653L_GLUT1_WGA_0001
3653,homo,L,Male,1.9,0,Light Flicker,0,3.15,30,104,295,181487,73582,8,1481,162,146673,303976,91509,3653L_GLUT1_WGA_0001
3653,homo,L,Male,1.9,1,Light Flicker,0,5.7,30,888,14,341085,71718,55,6594,24,246852,864354,98904,3653L_GLUT1_WGA_0001
3653,homo,L,Male,1.9,0,Light Flicker,0,2.6999999999999997,30,69,305,183044,65675,10,914,156,170118,256406,81975,3653L_GLUT1_WGA_0001
3653,homo,L,Male,1.9,0,Light Flicker,0,3.15,30,103,23,160645,39922,6,352,24,114791,233448,52809,3653L_GLUT1_WGA_0001
3653,homo,L,Male,1.9,1,Light Flicker,0,2.6999999999999997,30,155,239,292075,107989,24,1215,172,266927,436735,135893,3653L_GLUT1_WGA_0001
3653,homo,L,Male,1.9,1,Light Flicker,0,2.6999999999999997,30,78,376,228384,111571,28,948,236,194573,377396,136029,3653L_GLUT1_WGA_0001
3653,homo,L,Male,1.9,0,Light Flicker,0,2.55,30,151,210,206165,79858,23,912,107,183080,288338,104296,3653L_GLUT1_WGA_0001
3653,homo,L,Male,1.9,0,Light Flicker,0,2.4,30,1124,795,406152,133313,115,3838,627,329228,520096,167269,3653L_GLUT1_WGA_0001
3653,homo,L,Male,1.9,1,Light Flicker,0,5.1,30,1234,23,374307,71860,255,6746,35,306238,783235,96180,3653L_GLUT1_WGA_0001
3653,homo,L,Male,1.9,0,Light Flicker,0,2.55,30,225,187,247297,98839,33,771,82,198168,383415,125265,3653L_GLUT1_WGA_0001
3653,homo,L,Male,1.9,0,Light Flicker,0,4.5,30,439,70,394544,91165,45,2661,50,341073,765678,121510,3653L_GLUT1_WGA_0001
3653,homo,L,Male,1.9,0,Light Flicker,0,2.55,30,765,173,191933,72275,101,1736,127,168039,259810,99976,3653L_GLUT1_WGA_0001
3653,homo,L,Male,1.9,0,Light Flicker,0,2.55,30,106,290,302643,130670,9,522,235,254999,445446,160720,3653L_GLUT1_WGA_0001
3653,homo,L,Male,1.9,0,Light Flicker,0,3.0,30,1001,639,464849,158666,86,6116,504,385062,750627,201229,3653L_GLUT1_WGA_0001
3653,homo,L,Male,1.9,0,Light Flicker,0,2.25,30,630,212,124745,87816,302,755,197,100640,200476,112263,3653L_GLUT1_WGA_0001
3653,homo,L,Male,1.9,1,Light Flicker,0,2.25,30,223,75,200229,63997,23,451,57,158578,251924,86644,3653L_GLUT1_WGA_0001
3653,homo,L,Male,1.9,1,Light Flicker,0,2.55,30,111,55,134104,54419,7,288,42,104925,206292,68436,3653L_GLUT1_WGA_0001
3653,homo,L,Male,1.9,0,Light Flicker,0,2.6999999999999997,30,691,860,412243,126753,48,4479,450,310890,620652,167460,3653L_GLUT1_WGA_0001
3653,homo,L,Male,1.9,0,Light Flicker,0,3.4499999999999997,30,646,467,311920,118231,35,6763,286,168922,570427,142591,3653L_GLUT1_WGA_0002
3653,homo,L,Male,1.9,0,Light Flicker,0,3.4499999999999997,30,982,1614,496317,168537,202,13384,1059,268579,1011823,221070,3653L_GLUT1_WGA_0002
3653,homo,L,Male,1.9,0,Light Flicker,0,3.3,30,708,623,551057,164208,267,1298,1065,352850,1108126,217988,3653L_GLUT1_WGA_0002
3653,homo,L,Male,1.9,0,Light Flicker,0,2.85,30,168,943,94115,38939,34,2045,1009,63324,140463,51609,3653L_GLUT1_WGA_0002
3653,homo,L,Male,1.9,0,Light Flicker,0,3.3,30,2936,3226,812505,246656,396,22016,2498,511753,1370771,322387,3653L_GLUT1_WGA_0002
3653,homo,L,Male,1.9,0,Light Flicker,0,2.85,30,669,448,496612,174550,199,4179,264,346693,749005,221105,3653L_GLUT1_WGA_0002
3653,homo,L,Male,1.9,0,Light Flicker,0,3.5999999999999996,30,872,402,235169,74273,72,5230,358,127110,432646,100602,3653L_GLUT1_WGA_0002
3653,homo,L,Male,1.9,1,Light Flicker,0,2.55,30,5169,10682,813542,380734,895,37251,7222,446983,1459053,489327,3653L_GLUT1_WGA_0002
3653,homo,L,Male,1.9,0,Light Flicker,0,4.35,30,333,163,249669,70620,31,1249,121,135238,509966,91548,3653L_GLUT1_WGA_0002
3653,homo,L,Male,1.9,0,Light Flicker,0,2.85,30,1877,997,601805,168749,452,6732,647,402155,914740,223610,3653L_GLUT1_WGA_0002
3653,homo,L,Male,1.9,0,Light Flicker,0,2.6999999999999997,30,914,540,690042,195290,192,1826,644,419109,990969,274902,3653L_GLUT1_WGA_0002
3653,homo,L,Male,1.9,0,Light Flicker,0,3.0,30,912,803,484413,177861,153,5476,427,345820,717421,219904,3653L_GLUT1_WGA_0002
3653,homo,L,Male,1.9,1,Light Flicker,0,2.6999999999999997,30,2253,67,465375,169089,464,2982,273,288627,906805,211271,3653L_GLUT1_WGA_0002
3653,homo,L,Male,1.9,0,Light Flicker,0,2.6999999999999997,30,5500,6887,1178964,429037,1048,20968,6653,786186,1807968,567090,3653L_GLUT1_WGA_0002
3653,homo,L,Male,1.9,1,Light Flicker,0,3.0,30,1091,626,505677,169260,178,3978,449,347772,820289,221604,3653L_GLUT1_WGA_0002
3653,homo,L,Male,1.9,0,Light Flicker,0,3.15,30,2852,6217,791799,308408,398,30469,5076,431305,1550906,408836,3653L_GLUT1_WGA_0002
3653,homo,L,Male,1.9,1,Light Flicker,0,2.6999999999999997,30,3702,317,1023334,344183,688,6036,720,654950,2029865,454488,3653L_GLUT1_WGA_0002
3653,homo,L,Male,1.9,0,Light Flicker,0,2.25,30,4135,7680,543795,167146,485,25428,7229,359499,691912,192224,3653L_GLUT1_WGA_0002
3653,homo,L,Male,1.9,0,Light Flicker,0,3.5999999999999996,30,756,660,267269,102133,41,5364,527,149959,547673,133760,3653L_GLUT1_WGA_0002
3653,homo,L,Male,1.9,0,Light Flicker,0,3.3,30,1607,263,449356,144116,451,3219,339,270731,740138,183774,3653L_GLUT1_WGA_0002
3653,homo,L,Male,1.9,0,Light Flicker,0,3.4499999999999997,30,1745,1483,539850,163390,248,11662,1372,340504,913597,220928,3653L_GLUT1_WGA_0002
3653,homo,L,Male,1.9,1,Light Flicker,0,3.15,30,3479,2632,668987,260646,464,26769,1766,364600,1352037,340301,3653L_GLUT1_WGA_0002
3653,homo,L,Male,1.9,0,Light Flicker,0,2.85,30,570,571,387114,120071,167,4355,395,279242,531162,160469,3653L_GLUT1_WGA_0002
3653,homo,L,Male,1.9,0,Light Flicker,0,3.9,30,1103,696,557966,160579,133,9397,579,377039,951698,200730,3653L_GLUT1_WGA_0002
3653,homo,L,Male,1.9,0,Light Flicker,0,2.85,30,386,291,450987,136396,58,1912,238,314672,667766,182045,3653L_GLUT1_WGA_0002
3653,homo,L,Male,1.9,0,Light Flicker,0,3.9,30,434,519,393834,121353,23,4030,434,211364,811759,158689,3653L_GLUT1_WGA_0002
3653,homo,L,Male,1.9,1,Light Flicker,0,3.3,30,690,970,423430,173725,80,5088,710,273125,832210,219163,3653L_GLUT1_WGA_0002
3653,homo,L,Male,1.9,0,Light Flicker,0,2.6999999999999997,30,5353,9114,1074987,380902,833,32748,7141,641981,1721852,499729,3653L_GLUT1_WGA_0002
3653,homo,L,Male,1.9,1,Light Flicker,0,3.15,30,2398,4809,860687,302088,564,23990,4638,565450,1508896,398076,3653L_GLUT1_WGA_0002
3653,homo,L,Male,1.9,0,Light Flicker,0,3.4499999999999997,30,1695,1507,583601,169287,241,7344,1115,359084,1003830,216153,3653L_GLUT1_WGA_0002
3653,homo,L,Male,1.9,0,Light Flicker,0,3.3,30,1023,1659,666875,228238,184,8035,1315,469933,1142665,288289,3653L_GLUT1_WGA_0002
3653,homo,L,Male,1.9,0,Light Flicker,0,3.3,30,336,469,496915,146145,64,3342,347,334286,855641,195389,3653L_GLUT1_WGA_0002
3653,homo,L,Male,1.9,0,Light Flicker,0,4.2,30,706,626,310942,110546,49,9358,320,172170,678197,136479,3653L_GLUT1_WGA_0002
3653,homo,L,Male,1.9,1,Light Flicker,0,2.6999999999999997,30,4733,6312,978210,391322,759,26487,6187,599371,1677134,514094,3653L_GLUT1_WGA_0002
3653,homo,L,Male,1.9,0,Light Flicker,0,3.0,30,2279,2164,630431,219101,248,9276,2390,345032,1153039,293782,3653L_GLUT1_WGA_0002
3653,homo,L,Male,1.9,1,Light Flicker,0,3.4499999999999997,30,1142,192,528668,181867,269,1602,501,319065,1173898,243637,3653L_GLUT1_WGA_0002
3653,homo,L,Male,1.9,1,Light Flicker,0,5.85,30,384,85,717950,133751,89,1985,129,488424,2011892,183329,3653L_GLUT1_WGA_0002
3653,homo,L,Male,1.9,0,Light Flicker,0,4.05,30,387,48,212121,47198,21,3824,75,118331,408738,63734,3653L_GLUT1_WGA_0002
3653,homo,L,Male,1.9,1,Light Flicker,0,3.4499999999999997,30,744,60,319410,110944,151,1085,263,188783,695493,148961,3653L_GLUT1_WGA_0002
3653,homo,L,Male,1.9,1,Light Flicker,0,3.3,30,586,1426,406515,179407,104,3903,1435,246582,830199,244448,3653L_GLUT1_WGA_0002
3653,homo,L,Male,1.9,0,Light Flicker,0,3.4499999999999997,30,1414,1666,449470,228310,300,14467,1016,270403,1095997,282653,3653L_GLUT1_WGA_0002
3653,homo,L,Male,1.9,0,Light Flicker,0,3.4499999999999997,30,2905,2093,645176,214283,234,23452,1328,344095,1238515,259936,3653L_GLUT1_WGA_0002
3653,homo,L,Male,1.9,0,Light Flicker,0,3.75,30,604,135,292920,83520,33,3618,134,173477,550383,109813,3653L_GLUT1_WGA_0002
3653,homo,L,Male,1.9,0,Light Flicker,0,3.9,30,1307,775,604527,176914,109,6966,569,359868,1192359,222112,3653L_GLUT1_WGA_0002
3653,homo,L,Male,1.9,0,Light Flicker,0,3.5999999999999996,30,1596,1888,375645,182226,186,13189,1542,233907,791329,233578,3653L_GLUT1_WGA_0002
3653,homo,L,Male,1.9,0,Light Flicker,0,3.3,30,694,929,337214,115407,66,7785,595,211705,613633,152183,3653L_GLUT1_WGA_0002
3653,homo,L,Male,1.9,1,Light Flicker,0,3.4499999999999997,30,1129,74,814817,285978,80,3111,216,451866,1988655,384761,3653L_GLUT1_WGA_0002
3653,homo,L,Male,1.9,0,Light Flicker,0,3.9,30,145,284,149714,47123,18,2214,196,90576,294983,58648,3653L_GLUT1_WGA_0002
3653,homo,L,Male,1.9,0,Light Flicker,0,3.0,30,1254,4049,734146,257918,254,15279,3674,486449,1251227,341049,3653L_GLUT1_WGA_0002
3653,homo,L,Male,1.9,0,Light Flicker,0,3.4499999999999997,30,711,519,364536,105998,154,4464,381,238408,652615,148402,3653L_GLUT1_WGA_0002
3653,homo,L,Male,1.9,0,Light Flicker,0,3.4499999999999997,30,616,1373,581235,222193,76,10353,1052,382354,1126122,283622,3653L_GLUT1_WGA_0002
3653,homo,L,Male,1.9,0,Light Flicker,0,4.8,30,1007,470,424297,100031,267,8276,326,252693,868897,128816,3653L_GLUT1_WGA_0002
3653,homo,L,Male,1.9,0,Light Flicker,0,3.4499999999999997,30,2479,1570,693463,215591,955,11890,1606,429827,1418172,289791,3653L_GLUT1_WGA_0002
3653,homo,L,Male,1.9,0,Light Flicker,0,3.75,30,1656,541,362712,120787,181,8418,651,229404,691689,156252,3653L_GLUT1_WGA_0002
3653,homo,L,Male,1.9,0,Light Flicker,0,2.4,30,1206,76,801234,387994,83,3078,153,399947,1608502,509860,3653L_GLUT1_WGA_0002
3653,homo,L,Male,1.9,0,Light Flicker,0,4.05,30,344,260,231794,66368,33,3273,142,135856,418962,86419,3653L_GLUT1_WGA_0002
3653,homo,L,Male,1.9,0,Light Flicker,0,3.4499999999999997,30,3811,2363,658188,212990,173,21072,2170,349232,1349093,280965,3653L_GLUT1_WGA_0002
3653,homo,L,Male,1.9,0,Light Flicker,0,3.15,30,551,1418,526734,216352,66,6375,940,325595,1065357,278634,3653L_GLUT1_WGA_0002
3653,homo,L,Male,1.9,0,Light Flicker,0,3.15,30,563,581,330496,113824,30,3931,442,191318,538749,149806,3653L_GLUT1_WGA_0002
3653,homo,L,Male,1.9,0,Light Flicker,0,3.4499999999999997,30,898,3587,718974,266618,195,20970,2298,436936,1549341,341123,3653L_GLUT1_WGA_0002
3653,homo,L,Male,1.9,1,Light Flicker,0,3.4499999999999997,30,2797,2504,667389,243082,220,18173,2501,351535,1321223,316476,3653L_GLUT1_WGA_0002
3653,homo,L,Male,1.9,0,Light Flicker,0,3.9,30,285,209,262578,103347,14,1682,217,151571,607820,136985,3653L_GLUT1_WGA_0002
3653,homo,L,Male,1.9,0,Light Flicker,0,2.85,30,519,995,455906,163522,92,5536,627,322678,719912,213984,3653L_GLUT1_WGA_0002
3653,homo,L,Male,1.9,0,Light Flicker,0,3.15,30,870,851,356799,115092,89,4680,763,199434,576199,157080,3653L_GLUT1_WGA_0002
3653,homo,L,Male,1.9,0,Light Flicker,0,3.75,30,967,125,257113,79914,222,2138,163,152270,506831,101418,3653L_GLUT1_WGA_0002
3653,homo,L,Male,1.9,0,Light Flicker,0,4.2,30,2986,694,328458,74299,467,16195,423,210466,556535,93829,3653L_GLUT1_WGA_0002
3653,homo,L,Male,1.9,0,Light Flicker,0,3.3,30,1668,1549,409199,146664,201,12280,1211,261006,661994,188758,3653L_GLUT1_WGA_0002
3653,homo,L,Male,1.9,0,Light Flicker,0,3.3,30,2551,1507,370152,148941,392,14006,879,186515,697685,184906,3653L_GLUT1_WGA_0002
3653,homo,L,Male,1.9,1,Light Flicker,0,2.85,30,1419,1911,571756,202001,186,7777,1415,376790,962194,265759,3653L_GLUT1_WGA_0002
3653,homo,L,Male,1.9,0,Light Flicker,0,2.85,30,1409,1074,614566,185627,331,5813,713,389127,887706,242626,3653L_GLUT1_WGA_0002
3653,homo,L,Male,1.9,0,Light Flicker,0,3.9,30,447,513,294459,93347,89,4179,267,184626,480536,110914,3653L_GLUT1_WGA_0002
3653,homo,L,Male,1.9,1,Light Flicker,0,3.0,30,380,2645,523085,221075,21,8513,2499,282560,1087651,296767,3653L_GLUT1_WGA_0002
3653,homo,L,Male,1.9,0,Light Flicker,0,2.85,30,4091,1758,785971,257828,631,14899,1306,496353,1305038,338149,3653L_GLUT1_WGA_0002
3653,homo,L,Male,1.9,0,Light Flicker,0,2.55,30,313,970,426648,169658,37,3293,613,286022,681864,222521,3653L_GLUT1_WGA_0002
3653,homo,L,Male,1.9,0,Light Flicker,0,3.0,30,359,565,349056,131298,26,4466,389,191665,726625,176528,3653L_GLUT1_WGA_0002
3653,homo,L,Male,1.9,0,Light Flicker,0,2.55,30,352,431,328668,126780,97,1681,451,223821,513844,175416,3653L_GLUT1_WGA_0002
3653,homo,L,Male,1.9,0,Light Flicker,0,3.3,30,2072,1324,922741,263674,363,11832,1023,521189,1648394,334293,3653L_GLUT1_WGA_0002
3653,homo,L,Male,1.9,0,Light Flicker,0,2.25,30,3638,4362,849073,337974,786,15455,3308,526965,1267870,441523,3653L_GLUT1_WGA_0002
3653,homo,L,Male,1.9,0,Light Flicker,0,3.15,30,2735,539,331777,116837,548,9716,556,219745,562034,152435,3653L_GLUT1_WGA_0002
3653,homo,L,Male,1.9,0,Light Flicker,0,3.3,30,945,559,573878,150179,138,5093,635,330315,981906,206127,3653L_GLUT1_WGA_0002
3653,homo,L,Male,1.9,0,Light Flicker,0,3.75,30,506,148,257387,59516,87,2054,187,149771,439965,79912,3653L_GLUT1_WGA_0002
3653,homo,L,Male,1.9,0,Light Flicker,0,2.85,30,400,896,540194,208265,50,3880,953,337131,928598,263805,3653L_GLUT1_WGA_0002
3653,homo,L,Male,1.9,0,Light Flicker,0,3.3,30,1691,1395,940151,284716,439,11477,1113,563087,1759228,354769,3653L_GLUT1_WGA_0002
3653,homo,L,Male,1.9,0,Light Flicker,0,3.15,30,673,926,298070,115100,59,5014,1667,184704,511494,152105,3653L_GLUT1_WGA_0002
3653,homo,L,Male,1.9,1,Light Flicker,0,2.85,30,972,1067,476308,172847,110,4764,949,296355,873827,231317,3653L_GLUT1_WGA_0002
3653,homo,L,Male,1.9,0,Light Flicker,0,3.15,30,148,241,292927,102442,12,1604,191,184733,508836,133152,3653L_GLUT1_WGA_0002
3653,homo,L,Male,1.9,0,Light Flicker,0,2.6999999999999997,30,328090,320672,2016152,718350,152808,1137172,425567,995192,3171831,918779,3653L_GLUT1_WGA_0003
3653,homo,L,Male,1.9,0,Light Flicker,0,3.0,30,140022,127589,763574,267531,75933,495054,177553,468252,1151342,344111,3653L_GLUT1_WGA_0003
3653,homo,L,Male,1.9,0,Light Flicker,0,3.0,30,333559,283791,1837669,748088,156580,1007297,433610,919072,3101901,991269,3653L_GLUT1_WGA_0003
3653,homo,L,Male,1.9,0,Light Flicker,0,2.85,30,409704,422645,2530938,855359,189357,1523546,558980,1225092,4412268,1104494,3653L_GLUT1_WGA_0003
3653,homo,L,Male,1.9,0,Light Flicker,0,2.6999999999999997,30,416522,499833,2461982,957931,228559,1539013,654598,1515600,3588335,1257230,3653L_GLUT1_WGA_0003
3653,homo,L,Male,1.9,1,Light Flicker,0,2.85,30,608229,628930,3182740,1068944,319347,2202621,847952,1890386,5040123,1423033,3653L_GLUT1_WGA_0003
3653,homo,L,Male,1.9,0,Light Flicker,0,2.6999999999999997,30,235563,213698,1463905,495115,139071,710035,327153,965849,2053616,682156,3653L_GLUT1_WGA_0003
3653,homo,L,Male,1.9,0,Light Flicker,0,3.9,30,425037,290989,2357242,629142,231320,1626707,441752,1450866,4000070,838500,3653L_GLUT1_WGA_0003
3653,homo,L,Male,1.9,1,Light Flicker,0,2.55,30,494607,610586,2655779,1267193,229040,1845670,827742,1310053,4843054,1639225,3653L_GLUT1_WGA_0003
3653,homo,L,Male,1.9,0,Light Flicker,0,2.85,30,424419,468659,2434924,786581,228133,1560975,619608,1469635,3476034,1050563,3653L_GLUT1_WGA_0003
3653,homo,L,Male,1.9,0,Light Flicker,0,2.85,30,631242,715133,3400556,1408010,282522,2722588,898324,1649824,6418144,1779885,3653L_GLUT1_WGA_0003
3653,homo,L,Male,1.9,0,Light Flicker,0,2.25,30,216700,250070,1227761,499575,111637,626821,323535,692072,1806235,614578,3653L_GLUT1_WGA_0003
3653,homo,L,Male,1.9,0,Light Flicker,0,7.05,30,748223,355153,3889515,846190,435920,4771148,569465,2534401,10882990,1180118,3653L_GLUT1_WGA_0003
3653,homo,L,Male,1.9,0,Light Flicker,0,4.8,30,392105,329388,2638677,633585,219363,2243409,465268,1596217,5460446,846736,3653L_GLUT1_WGA_0003
3653,homo,L,Male,1.9,0,Light Flicker,0,3.5999999999999996,30,840298,654134,4540761,1457613,432831,3301608,946545,2607387,8694400,1874587,3653L_GLUT1_WGA_0003
3653,homo,L,Male,1.9,0,Light Flicker,0,4.2,30,458053,379167,2703146,740534,204859,2474244,554944,1283428,6231364,1004351,3653L_GLUT1_WGA_0003
3653,homo,L,Male,1.9,0,Light Flicker,0,2.85,30,298763,370562,2153386,829873,140940,1213510,547003,1055758,3747342,1083852,3653L_GLUT1_WGA_0003
3653,homo,L,Male,1.9,0,Light Flicker,0,2.55,30,445519,515802,2942990,1105634,264759,1530949,699204,1909741,4415784,1442399,3653L_GLUT1_WGA_0003
3653,homo,L,Male,1.9,1,Light Flicker,0,6.0,30,728921,355805,3476609,793201,408370,4039240,567555,2226737,9081581,1094591,3653L_GLUT1_WGA_0003
3653,homo,L,Male,1.9,1,Light Flicker,0,4.8,30,397616,290274,2665594,709004,210079,1554139,485790,1543009,6666897,950150,3653L_GLUT1_WGA_0003
3653,homo,L,Male,1.9,0,Light Flicker,0,2.55,30,698836,808304,3485883,1502680,390554,2444430,1076490,2238478,5499030,1970414,3653L_GLUT1_WGA_0003
3653,homo,L,Male,1.9,0,Light Flicker,0,3.4499999999999997,30,210084,181334,1639144,544776,109736,600655,343247,875046,3228497,731684,3653L_GLUT1_WGA_0003
3653,homo,L,Male,1.9,0,Light Flicker,0,3.0,30,306082,273841,2092796,710073,183823,954216,448102,1370187,3414564,938452,3653L_GLUT1_WGA_0003
3653,homo,L,Male,1.9,1,Light Flicker,0,3.15,30,433557,338389,2071554,736309,199136,1519729,522918,1053962,4038316,971715,3653L_GLUT1_WGA_0003
3653,homo,L,Male,1.9,0,Light Flicker,0,3.3,30,732132,671160,3940589,1455507,315355,3112331,992838,1841909,8606083,1936097,3653L_GLUT1_WGA_0003
3653,homo,L,Male,1.9,1,Light Flicker,0,2.4,30,1582,1689,8536,3727,832,5356,2109,5391,16342,4122,3653L_GLUT1_WGA_0003
3653,homo,L,Male,1.9,0,Light Flicker,0,2.55,30,693346,929885,4028681,1773202,392273,2743592,1235240,2586791,6880018,2282895,3653L_GLUT1_WGA_0003
3653,homo,L,Male,1.9,0,Light Flicker,0,3.4499999999999997,30,695606,489558,3300280,910167,342660,2721750,684804,1943814,5755969,1189653,3653L_GLUT1_WGA_0003
3653,homo,L,Male,1.9,0,Light Flicker,0,2.85,30,362422,327119,2226131,811580,208779,1278380,502615,1443695,3481997,1079264,3653L_GLUT1_WGA_0003
3653,homo,L,Male,1.9,0,Light Flicker,0,2.4,30,350171,412622,2416361,902330,207825,1096286,551013,1543418,3412986,1173635,3653L_GLUT1_WGA_0003
3653,homo,L,Male,1.9,0,Light Flicker,0,4.35,30,420317,226603,1828516,424969,203012,1695871,329743,1067047,3393371,566214,3653L_GLUT1_WGA_0003
3653,homo,L,Male,1.9,0,Light Flicker,0,3.5999999999999996,30,489543,413693,2878602,840358,212619,2134689,621762,1339663,6125855,1155231,3653L_GLUT1_WGA_0003
3653,homo,L,Male,1.9,1,Light Flicker,0,3.9,30,456630,389377,2461982,811071,230862,1997390,558782,1395613,4951857,1043980,3653L_GLUT1_WGA_0003
3653,homo,L,Male,1.9,0,Light Flicker,0,3.75,30,532094,469117,2606281,969079,283661,2220140,717307,1609558,5173635,1295158,3653L_GLUT1_WGA_0003
3653,homo,L,Male,1.9,0,Light Flicker,0,3.9,30,518665,348127,2494086,652014,281939,2017839,508206,1539868,5204407,882194,3653L_GLUT1_WGA_0003
3653,homo,L,Male,1.9,1,Light Flicker,0,3.0,30,485910,481998,3200209,1176050,280515,1622867,752149,2023914,5532120,1537735,3653L_GLUT1_WGA_0003
3653,homo,L,Male,1.9,1,Light Flicker,0,3.15,30,498977,655928,3144560,1236579,263899,2410071,925093,1776209,5730091,1657648,3653L_GLUT1_WGA_0003
3653,homo,L,Male,1.9,0,Light Flicker,0,3.5999999999999996,30,517136,383277,2388515,668931,249821,1898893,577868,1336624,4325503,931550,3653L_GLUT1_WGA_0003
3653,homo,L,Male,1.9,0,Light Flicker,0,3.3,30,457181,485129,2355870,873168,240561,2164394,617480,1409097,4561698,1092075,3653L_GLUT1_WGA_0003
3653,homo,L,Male,1.9,0,Light Flicker,0,3.0,30,482157,455746,2174992,922702,259085,1866986,580029,1315935,3840097,1189147,3653L_GLUT1_WGA_0003
3653,homo,L,Male,1.9,0,Light Flicker,0,3.4499999999999997,30,369657,296016,2083720,622062,205807,1509384,425726,1284565,3649251,829758,3653L_GLUT1_WGA_0003
3653,homo,L,Male,1.9,0,Light Flicker,0,2.4,30,1076008,1285484,6220044,2259439,587904,3505245,1885919,3722345,9718614,3069156,3653L_GLUT1_WGA_0003
3653,homo,L,Male,1.9,0,Light Flicker,0,3.0,30,601407,636478,3669190,1184903,286954,2496665,867069,1830321,6446116,1575900,3653L_GLUT1_WGA_0003
3653,homo,L,Male,1.9,0,Light Flicker,0,2.6999999999999997,30,398386,420846,2887900,1100399,224770,1373254,630977,1663534,4844935,1435362,3653L_GLUT1_WGA_0003
3653,homo,L,Male,1.9,0,Light Flicker,0,3.0,30,197159,198646,1407153,452811,110624,696226,308537,827319,2180353,615099,3653L_GLUT1_WGA_0003
3653,homo,L,Male,1.9,0,Light Flicker,0,4.35,30,546913,406009,3054337,770161,262189,2784749,571668,1602835,6440211,1004911,3653L_GLUT1_WGA_0003
3653,homo,L,Male,1.9,0,Light Flicker,0,3.5999999999999996,30,311044,303200,1474314,598974,161866,1502702,414114,832332,3374992,774502,3653L_GLUT1_WGA_0003
3653,homo,L,Male,1.9,1,Light Flicker,0,2.85,30,583393,278012,2870392,1109383,282151,1457438,515483,1572603,5443332,1442638,3653L_GLUT1_WGA_0003
3653,homo,L,Male,1.9,0,Light Flicker,0,4.8,30,401464,283271,2333455,535151,211970,2110493,419365,1362759,4848954,730610,3653L_GLUT1_WGA_0003
3653,homo,L,Male,1.9,0,Light Flicker,0,2.25,30,602890,718010,2949518,1250665,308287,2060521,922256,1660066,4471584,1673860,3653L_GLUT1_WGA_0003
3653,homo,L,Male,1.9,0,Light Flicker,0,3.75,30,368689,229871,1737467,454754,188197,1522218,338593,1004196,3291114,624336,3653L_GLUT1_WGA_0003
3653,homo,L,Male,1.9,1,Light Flicker,0,3.3,30,509695,477007,2183987,935647,260298,2111670,650273,1230218,4540111,1217372,3653L_GLUT1_WGA_0003
3653,homo,L,Male,1.9,0,Light Flicker,0,3.15,30,381778,457412,2426806,965334,180746,1604679,630741,1178691,4442339,1249777,3653L_GLUT1_WGA_0003
3653,homo,L,Male,1.9,0,Light Flicker,0,2.85,30,653885,810886,3914836,1529901,375455,2772931,1067609,2425286,6273952,1930219,3653L_GLUT1_WGA_0003
3653,homo,L,Male,1.9,0,Light Flicker,0,3.5999999999999996,30,413111,347180,1990831,748739,209835,1859412,485866,1089620,4069363,997639,3653L_GLUT1_WGA_0003
3653,homo,L,Male,1.9,0,Light Flicker,0,3.75,30,492930,442317,2680243,897446,253833,2282582,628003,1498409,5572494,1172337,3653L_GLUT1_WGA_0003
3653,homo,L,Male,1.9,1,Light Flicker,0,3.4499999999999997,30,503716,494351,2665030,899986,256191,2203931,676290,1474797,5434129,1178239,3653L_GLUT1_WGA_0003
3653,homo,L,Male,1.9,0,Light Flicker,0,2.85,30,428891,438062,2775613,838900,237709,1536451,594446,1631302,4310500,1086271,3653L_GLUT1_WGA_0003
3653,homo,L,Male,1.9,0,Light Flicker,0,3.5999999999999996,30,477964,419853,3132025,824155,280146,2098583,584593,1999084,5380731,1082348,3653L_GLUT1_WGA_0003
3653,homo,L,Male,1.9,0,Light Flicker,0,3.4499999999999997,30,512053,501548,2909948,1100522,257329,2038812,764217,1561894,5829284,1414827,3653L_GLUT1_WGA_0003
3653,homo,L,Male,1.9,0,Light Flicker,0,2.55,30,336083,275755,2207857,842257,173880,1021920,479048,1194912,3908518,1183832,3653L_GLUT1_WGA_0003
3653,homo,L,Male,1.9,0,Light Flicker,0,3.0,30,247681,254482,1859756,494160,123077,913302,400459,935426,3171935,648197,3653L_GLUT1_WGA_0003
3653,homo,L,Male,1.9,0,Light Flicker,0,3.75,30,358144,303072,2236420,590863,199506,1584038,456776,1338944,3837922,801747,3653L_GLUT1_WGA_0003
3653,homo,L,Male,1.9,0,Light Flicker,0,3.4499999999999997,30,593998,538952,3393983,978488,326647,2578091,753414,2060111,5536707,1322072,3653L_GLUT1_WGA_0003
3653,homo,L,Male,1.9,0,Light Flicker,0,4.6499999999999995,30,560148,318477,2865714,596453,314281,2421895,482744,1826906,5669749,818164,3653L_GLUT1_WGA_0003
3653,homo,L,Male,1.9,0,Light Flicker,0,4.05,30,404544,357686,2454237,736268,207003,2180824,514429,1311966,5405454,959109,3653L_GLUT1_WGA_0003
3653,homo,L,Male,1.9,0,Light Flicker,0,4.05,30,376802,279194,1960333,679922,183281,1637256,417318,1016005,3858835,864119,3653L_GLUT1_WGA_0003
3653,homo,L,Male,1.9,1,Light Flicker,0,2.55,30,220485,338949,1625955,557885,122723,911354,471180,903038,2622072,758173,3653L_GLUT1_WGA_0003
3653,homo,L,Male,1.9,0,Light Flicker,0,4.95,30,518258,306515,3034957,765351,280999,2249015,473689,1815257,6281954,1016204,3653L_GLUT1_WGA_0003
3653,homo,L,Male,1.9,1,Light Flicker,0,2.85,30,587913,579871,3463515,1172404,327295,2324849,782753,2141008,5656336,1522443,3653L_GLUT1_WGA_0003
3653,homo,L,Male,1.9,1,Light Flicker,0,2.25,30,926411,970153,5071982,1812171,520288,2757135,1366586,3181968,7405278,2270428,3653L_GLUT1_WGA_0003
3653,homo,L,Male,1.9,0,Light Flicker,0,2.85,30,536604,691176,3482740,1066966,292520,2311305,965395,1975071,5719269,1430158,3653L_GLUT1_WGA_0003
3653,homo,L,Male,1.9,0,Light Flicker,0,2.85,30,584475,780327,4171471,1463004,360254,2568090,965455,2681291,7285428,1848748,3653L_GLUT1_WGA_0003
3653,homo,L,Male,1.9,0,Light Flicker,0,3.15,30,644795,741526,3897640,1346216,390269,2947777,975223,2578287,6865358,1742766,3653L_GLUT1_WGA_0003
3653,homo,L,Male,1.9,0,Light Flicker,0,4.5,30,868557,532730,4783689,1169415,554696,3830641,829179,3343176,8621567,1533816,3653L_GLUT1_WGA_0003
3653,homo,L,Male,1.9,0,Light Flicker,0,4.2,30,688438,457797,4033890,1078853,372272,2661459,735782,2302910,8090476,1452748,3653L_GLUT1_WGA_0003
3653,homo,L,Male,1.9,0,Light Flicker,0,3.3,30,413334,416196,2973292,807229,235744,1795953,604561,1748281,5235185,1027135,3653L_GLUT1_WGA_0003
3653,homo,L,Male,1.9,0,Light Flicker,0,4.2,30,576279,563432,3779345,981781,348457,3131760,806884,2417705,7037758,1342817,3653L_GLUT1_WGA_0003
3653,homo,L,Male,1.9,0,Light Flicker,0,3.0,30,451637,495481,2678510,940873,270809,1895609,702403,1730688,4620037,1258909,3653L_GLUT1_WGA_0003
3653,homo,L,Male,1.9,0,Light Flicker,0,2.25,30,766238,758070,4512453,1223400,464817,2156486,1104258,2980663,5683801,1612258,3653L_GLUT1_WGA_0003
3653,homo,L,Male,1.9,0,Light Flicker,0,3.4499999999999997,30,827308,1114840,6021251,2177603,470249,4293857,1599039,3501733,12085098,2912437,3653L_GLUT1_WGA_0003
3653,homo,L,Male,1.9,1,Light Flicker,0,3.4499999999999997,30,346978,388653,2127156,735313,203205,1595638,579314,1315093,4130574,987939,3653L_GLUT1_WGA_0003
3653,homo,L,Male,1.9,0,Light Flicker,0,3.3,30,231488,214744,1794763,535834,135806,940764,308113,1066020,2978354,684258,3653L_GLUT1_WGA_0003
3653,homo,L,Male,1.9,0,Light Flicker,0,3.5999999999999996,30,277819,198085,1881109,473748,162200,1038628,302369,1157061,3086995,637300,3653L_GLUT1_WGA_0003
3653,homo,L,Male,1.9,0,Light Flicker,0,2.55,30,641218,568935,3399528,1027328,388910,1956720,828383,2303973,4778625,1366869,3653L_GLUT1_WGA_0003
3653,homo,L,Male,1.9,0,Light Flicker,0,3.15,30,639685,625997,3181448,1103450,346730,2857456,793578,1879554,5731804,1357642,3653L_GLUT1_WGA_0003
3653,homo,L,Male,1.9,0,Light Flicker,0,4.05,30,548790,193730,2490990,604315,337067,1378973,380687,1793553,4864165,794271,3653L_GLUT1_WGA_0003
3653,homo,L,Male,1.9,0,Light Flicker,0,3.3,30,501461,615446,3331530,1334131,290885,2438132,879752,2006239,6224811,1706111,3653L_GLUT1_WGA_0003
3653,homo,L,Male,1.9,0,Light Flicker,0,4.6499999999999995,30,586503,397852,3550792,776815,372203,2951566,562841,2457921,6544627,1025287,3653L_GLUT1_WGA_0003
3653,homo,L,Male,1.9,0,Light Flicker,0,3.75,30,280000,241525,1830690,408974,178358,1234426,345902,1271674,2999955,562390,3653L_GLUT1_WGA_0003
3653,homo,L,Male,1.9,0,Light Flicker,0,3.0,30,24725,24912,120096,150258,18268,89411,29063,105193,381853,164973,3653L_GLUT1_WGA_0004
3653,homo,L,Male,1.9,1,Light Flicker,0,3.4499999999999997,30,20318,31448,456991,201620,7345,115378,28453,283176,867614,169392,3653L_GLUT1_WGA_0004
3653,homo,L,Male,1.9,0,Light Flicker,0,4.05,30,10797,14144,221117,84543,4287,68004,6576,143373,421980,42279,3653L_GLUT1_WGA_0004
3653,homo,L,Male,1.9,0,Light Flicker,0,3.75,30,12409,15599,260622,107109,4542,70219,8975,158243,475239,59927,3653L_GLUT1_WGA_0004
3653,homo,L,Male,1.9,0,Light Flicker,0,3.15,30,16786,22742,175551,145039,8982,83120,32799,146467,408156,194596,3653L_GLUT1_WGA_0004
3653,homo,L,Male,1.9,0,Light Flicker,0,4.05,30,10767,13980,207625,107790,5560,60742,11644,166771,484670,77539,3653L_GLUT1_WGA_0004
3653,homo,L,Male,1.9,0,Light Flicker,0,3.0,30,32774,58283,565874,353237,16554,178103,83203,447079,1169685,472151,3653L_GLUT1_WGA_0004
3653,homo,L,Male,1.9,0,Light Flicker,0,3.5999999999999996,30,19848,23290,395274,157382,8168,101350,18108,273304,709956,111811,3653L_GLUT1_WGA_0004
3653,homo,L,Male,1.9,0,Light Flicker,0,4.2,30,11865,10041,147218,78862,5237,53901,6529,109524,352324,45560,3653L_GLUT1_WGA_0004
3653,homo,L,Male,1.9,1,Light Flicker,0,3.3,30,22945,37310,387229,250849,10642,140928,52594,274304,955242,336880,3653L_GLUT1_WGA_0004
3653,homo,L,Male,1.9,1,Light Flicker,0,3.0,30,20362,25336,282139,159727,8545,91435,36916,190642,582112,222417,3653L_GLUT1_WGA_0004
3653,homo,L,Male,1.9,0,Light Flicker,0,3.3,30,25840,35841,435060,221495,10677,143022,40417,296733,870908,239102,3653L_GLUT1_WGA_0004
3653,homo,L,Male,1.9,0,Light Flicker,0,3.75,30,5151,8499,157832,66606,2169,34249,8189,106997,270854,58943,3653L_GLUT1_WGA_0004
3653,homo,L,Male,1.9,0,Light Flicker,0,4.05,30,33872,16056,247150,111464,21548,97986,14400,173257,592070,92956,3653L_GLUT1_WGA_0004
3653,homo,L,Male,1.9,0,Light Flicker,0,3.0,30,7377,7543,180926,49536,2909,28674,12252,117106,257351,81916,3653L_GLUT1_WGA_0004
3653,homo,L,Male,1.9,0,Light Flicker,0,3.9,30,8469,10875,188239,85700,4077,43456,8333,140698,327078,59293,3653L_GLUT1_WGA_0004
3653,homo,L,Male,1.9,0,Light Flicker,0,3.0,30,26452,47429,486161,322826,11006,152679,71452,325832,992424,434206,3653L_GLUT1_WGA_0004
3653,homo,L,Male,1.9,1,Light Flicker,0,3.75,30,15267,23448,389304,159176,5820,95627,20678,239053,800296,133715,3653L_GLUT1_WGA_0004
3653,homo,L,Male,1.9,0,Light Flicker,0,3.9,30,15799,14380,224474,106670,8208,70185,13752,150358,480289,90349,3653L_GLUT1_WGA_0004
3653,homo,L,Male,1.9,0,Light Flicker,0,4.05,30,12157,16219,247232,112039,4529,76904,14832,143128,528757,92032,3653L_GLUT1_WGA_0004
3653,homo,L,Male,1.9,1,Light Flicker,0,3.3,30,27978,28856,291205,184212,17383,108925,41009,194306,655638,243384,3653L_GLUT1_WGA_0004
3653,homo,L,Male,1.9,0,Light Flicker,0,4.05,30,12505,12153,272693,102192,5094,57267,7955,174890,481759,59905,3653L_GLUT1_WGA_0004
3653,homo,L,Male,1.9,0,Light Flicker,0,4.05,30,25927,24234,433843,199102,12967,113007,15977,317722,911724,114165,3653L_GLUT1_WGA_0004
3653,homo,L,Male,1.9,1,Light Flicker,0,3.15,30,27816,28443,561226,225414,12727,107280,41351,368729,960645,308035,3653L_GLUT1_WGA_0004
3653,homo,L,Male,1.9,0,Light Flicker,0,3.15,30,15805,22176,291078,152056,6584,72558,33147,197021,537287,205598,3653L_GLUT1_WGA_0004
3653,homo,L,Male,1.9,0,Light Flicker,0,3.4499999999999997,30,20569,34197,369525,199494,8504,123919,48918,231934,801432,269649,3653L_GLUT1_WGA_0004
3653,homo,L,Male,1.9,0,Light Flicker,0,3.4499999999999997,30,12961,15043,313242,127940,5237,55171,20321,187988,541025,155770,3653L_GLUT1_WGA_0004
3653,homo,L,Male,1.9,1,Light Flicker,0,3.4499999999999997,30,11717,12964,206767,89953,4562,55710,18656,128511,403771,124781,3653L_GLUT1_WGA_0004
3653,homo,L,Male,1.9,0,Light Flicker,0,4.05,30,15003,25141,314793,176366,6257,105559,26857,198710,782220,168691,3653L_GLUT1_WGA_0004
3653,homo,L,Male,1.9,0,Light Flicker,0,3.5999999999999996,30,18716,32052,348066,188552,7607,114159,47696,201148,776685,251388,3653L_GLUT1_WGA_0004
3653,homo,L,Male,1.9,0,Light Flicker,0,4.35,30,21651,15977,308393,130355,14337,89668,15346,229156,698747,108295,3653L_GLUT1_WGA_0004
3653,homo,L,Male,1.9,0,Light Flicker,0,4.2,30,15146,25232,321151,171797,6221,109068,26167,189893,777073,160619,3653L_GLUT1_WGA_0004
3653,homo,L,Male,1.9,1,Light Flicker,0,2.55,30,40724,51109,573461,305728,24670,134824,75030,413220,973983,422369,3653L_GLUT1_WGA_0004
3653,homo,L,Male,1.9,0,Light Flicker,0,4.2,30,10552,18531,258941,125743,4236,75622,20421,150483,604987,122710,3653L_GLUT1_WGA_0004
3653,homo,L,Male,1.9,0,Light Flicker,0,3.15,30,27172,18327,371255,140239,13937,78026,28977,240126,592386,192789,3653L_GLUT1_WGA_0004
3653,homo,L,Male,1.9,1,Light Flicker,0,3.75,30,22585,20794,418366,167399,10392,106980,34299,264904,855678,235088,3653L_GLUT1_WGA_0004
3653,homo,L,Male,1.9,0,Light Flicker,0,3.4499999999999997,30,34639,41149,573987,283355,15473,159133,61766,407308,1180506,382280,3653L_GLUT1_WGA_0004
3653,homo,L,Male,1.9,0,Light Flicker,0,3.9,30,9380,16262,236350,115562,3725,62932,23267,131583,491790,149137,3653L_GLUT1_WGA_0004
3653,homo,L,Male,1.9,0,Light Flicker,0,3.5999999999999996,30,12956,13779,134624,109418,6024,57244,22405,89833,369865,152699,3653L_GLUT1_WGA_0005
3653,homo,L,Male,1.9,0,Light Flicker,0,2.85,30,14689,17334,90614,145725,7558,58980,26692,63741,306866,198024,3653L_GLUT1_WGA_0005
3653,homo,L,Male,1.9,0,Light Flicker,0,2.55,30,30766,18868,227700,157171,47132,77897,7249,327474,590640,62474,3653L_GLUT1_WGA_0005
3653,homo,L,Male,1.9,0,Light Flicker,0,2.6999999999999997,30,13760,22753,215823,224111,5753,52004,36161,131239,553765,308279,3653L_GLUT1_WGA_0005
3653,homo,L,Male,1.9,0,Light Flicker,0,2.85,30,23801,24633,183656,221979,13114,73208,41165,117250,550995,314004,3653L_GLUT1_WGA_0005
3653,homo,L,Male,1.9,0,Light Flicker,0,2.25,30,47777,57842,343329,431690,25154,136762,77832,220273,867270,566981,3653L_GLUT1_WGA_0005
3653,homo,L,Male,1.9,1,Light Flicker,0,2.85,30,23400,28247,182345,264142,11662,93473,44916,118580,648187,364516,3653L_GLUT1_WGA_0005
3653,homo,L,Male,1.9,0,Light Flicker,0,2.85,30,33842,29213,292312,230123,17801,105063,43731,189173,664335,314833,3653L_GLUT1_WGA_0005
3653,homo,L,Male,1.9,0,Light Flicker,0,3.3,30,11465,13744,138410,129877,4437,48458,21971,78591,382222,182798,3653L_GLUT1_WGA_0005
3653,homo,L,Male,1.9,0,Light Flicker,0,2.55,30,33816,42068,350311,351075,14922,123168,63242,224491,848817,469359,3653L_GLUT1_WGA_0005
3653,homo,L,Male,1.9,1,Light Flicker,0,2.55,30,14850,19883,91704,178417,7119,56537,30076,60293,344279,243720,3653L_GLUT1_WGA_0005
3653,homo,L,Male,1.9,0,Light Flicker,0,3.4499999999999997,30,36516,54402,435560,369580,14450,220148,76342,271882,1306306,487199,3653L_GLUT1_WGA_0005
3653,homo,L,Male,1.9,1,Light Flicker,0,3.3,30,35494,44191,514294,294608,15042,168420,62237,312806,1105920,400937,3653L_GLUT1_WGA_0005
3653,homo,L,Male,1.9,1,Light Flicker,0,2.25,30,36358,26114,247154,242023,56736,75721,32372,346651,574985,266206,3653L_GLUT1_WGA_0005
3653,homo,L,Male,1.9,0,Light Flicker,0,3.15,30,40885,62892,537774,448226,14407,216526,87071,297473,1395858,574611,3653L_GLUT1_WGA_0005
3653,homo,L,Male,1.9,0,Light Flicker,0,3.75,30,13979,15087,243893,129428,5959,62268,24013,154286,498977,176024,3653L_GLUT1_WGA_0005
3653,homo,L,Male,1.9,0,Light Flicker,0,3.5999999999999996,30,50326,39596,557559,286543,25394,192240,56020,336882,1206040,386293,3653L_GLUT1_WGA_0005
3653,homo,L,Male,1.9,0,Light Flicker,0,3.75,30,21344,31737,318309,226740,7472,132742,47193,168049,901820,302984,3653L_GLUT1_WGA_0005
3653,homo,L,Male,1.9,0,Light Flicker,0,3.5999999999999996,30,8312,12722,107677,96346,2874,47814,19918,59960,288261,135746,3653L_GLUT1_WGA_0005
3653,homo,L,Male,1.9,1,Light Flicker,0,2.25,30,49949,33573,336978,305767,84465,100480,31370,508832,739472,257663,3653L_GLUT1_WGA_0005
3653,homo,L,Male,1.9,0,Light Flicker,0,2.85,30,32702,45923,290429,306251,13748,151684,63357,174460,816796,411736,3653L_GLUT1_WGA_0005
3653,homo,L,Male,1.9,0,Light Flicker,0,3.4499999999999997,30,20698,23742,378595,185508,8619,94802,35893,247157,700091,253101,3653L_GLUT1_WGA_0005
3653,homo,L,Male,1.9,0,Light Flicker,0,2.85,30,36867,32739,218293,250610,18921,115183,47948,117874,654448,344994,3653L_GLUT1_WGA_0005
3653,homo,L,Male,1.9,1,Light Flicker,0,3.4499999999999997,30,31048,39122,434347,285399,12799,147491,55941,263089,1047906,378586,3653L_GLUT1_WGA_0005
3653,homo,L,Male,1.9,1,Light Flicker,0,3.15,30,18900,31820,266595,233094,6404,104471,45110,146620,671940,300455,3653L_GLUT1_WGA_0005
3653,homo,L,Male,1.9,1,Light Flicker,0,3.15,30,28069,41127,305393,280245,9800,155839,59740,173110,842082,374241,3653L_GLUT1_WGA_0005
3653,homo,L,Male,1.9,1,Light Flicker,0,3.15,30,29885,33254,265446,239892,13791,135493,51178,169181,786287,340560,3653L_GLUT1_WGA_0005
3653,homo,L,Male,1.9,0,Light Flicker,0,3.3,30,14414,20086,249487,152958,5548,72264,29740,150392,478119,210750,3653L_GLUT1_WGA_0005
3653,homo,L,Male,1.9,0,Light Flicker,0,3.75,30,10095,14585,245505,115215,3288,53466,21373,129906,467553,158052,3653L_GLUT1_WGA_0005
3653,homo,L,Male,1.9,0,Light Flicker,0,2.6999999999999997,30,16848,22133,333534,160399,5859,72041,28815,174772,614750,213030,3653L_GLUT1_WGA_0005
3653,homo,L,Male,1.9,0,Light Flicker,0,3.4499999999999997,30,24500,25606,521178,218542,9231,110902,39464,305973,971619,294507,3653L_GLUT1_WGA_0005
3653,homo,L,Male,1.9,0,Light Flicker,0,3.5999999999999996,30,24312,19764,570075,172724,9640,93317,29060,316389,921070,235593,3653L_GLUT1_WGA_0005
3653,homo,L,Male,1.9,1,Light Flicker,0,2.6999999999999997,30,39030,28991,1073592,417039,12671,101325,52667,516681,1953550,558966,3653L_GLUT1_WGA_0005
3653,homo,L,Male,1.9,0,Light Flicker,0,3.15,30,43983,29101,878258,295485,20711,128278,40993,508136,1336273,383114,3653L_GLUT1_WGA_0005
3653,homo,L,Male,1.9,0,Light Flicker,0,3.0,30,33354,48515,653842,366770,11962,161894,66947,346006,1263775,479038,3653L_GLUT1_WGA_0005
3653,homo,L,Male,1.9,0,Light Flicker,0,3.3,30,36282,37966,385452,251295,14716,173721,56058,223848,927360,349847,3653L_GLUT1_WGA_0005
3653,homo,L,Male,1.9,0,Light Flicker,0,3.3,30,63866,63669,969230,433686,25071,295860,82029,570457,1871831,561193,3653L_GLUT1_WGA_0005
3653,homo,L,Male,1.9,0,Light Flicker,0,3.15,30,25744,38859,345575,265177,10311,151682,55714,204734,864471,360295,3653L_GLUT1_WGA_0005
3653,homo,L,Male,1.9,1,Light Flicker,0,2.85,30,37376,56257,519926,373290,13252,158543,80383,282007,1167740,497883,3653L_GLUT1_WGA_0005
3653,homo,L,Male,1.9,0,Light Flicker,0,3.0,30,24881,27268,470826,223463,8570,108562,41933,243696,836148,311196,3653L_GLUT1_WGA_0005
3653,homo,L,Male,1.9,1,Light Flicker,0,3.3,30,132911,40265,1065668,346824,83214,246586,52409,675647,1702149,442621,3653L_GLUT1_WGA_0005
3653,homo,L,Male,1.9,0,Light Flicker,0,3.15,30,20011,25457,662916,267489,7704,59328,43756,345129,1197522,345150,3653L_GLUT1_WGA_0005
3653,homo,L,Male,1.9,0,Light Flicker,0,3.15,30,62646,45902,1060783,439776,36821,193163,61133,682662,1774444,536625,3653L_GLUT1_WGA_0005
3653,homo,L,Male,1.9,0,Light Flicker,0,3.0,30,22430,28016,590864,241196,6689,91965,39716,266514,1047445,318394,3653L_GLUT1_WGA_0005
3653,homo,L,Male,1.9,0,Light Flicker,0,3.0,30,36652,63275,615598,381612,10437,225855,77901,270821,1360849,494861,3653L_GLUT1_WGA_0005
3653,homo,L,Male,1.9,1,Light Flicker,0,3.0,30,83889,80734,526807,422574,39154,325718,102140,304967,1333831,563907,3653L_GLUT1_WGA_0005
3653,homo,L,Male,1.9,0,Light Flicker,0,2.6999999999999997,30,42714,65249,792408,420077,15277,173577,83257,451248,1331860,552927,3653L_GLUT1_WGA_0005
3653,homo,L,Male,1.9,0,Light Flicker,0,3.3,30,23884,24586,807774,287189,8029,99478,36916,391590,1412193,378910,3653L_GLUT1_WGA_0005
3653,homo,L,Male,1.9,0,Light Flicker,0,3.4499999999999997,30,20758,27729,378015,201395,6440,123853,40578,200658,837152,276119,3653L_GLUT1_WGA_0005
3653,homo,L,Male,1.9,1,Light Flicker,0,2.85,30,37275,51434,908205,418659,13040,164721,72004,471300,1615389,550176,3653L_GLUT1_WGA_0005
3653,homo,L,Male,1.9,0,Light Flicker,0,3.3,30,60278,69155,1807950,714037,19921,250653,104088,851364,3512478,939698,3653L_GLUT1_WGA_0005
3653,homo,L,Male,1.9,1,Light Flicker,0,2.6999999999999997,30,81044,93708,1429855,684500,29991,316818,112272,699284,2548148,846289,3653L_GLUT1_WGA_0005
3653,homo,L,Male,1.9,0,Light Flicker,0,3.0,30,53378,38376,1063965,412737,24105,151142,49689,541530,1739708,521477,3653L_GLUT1_WGA_0005
3653,homo,L,Male,1.9,0,Light Flicker,0,3.3,30,24376,20978,369498,159372,9235,99496,30768,215413,639987,218200,3653L_GLUT1_WGA_0005
3653,homo,L,Male,1.9,0,Light Flicker,0,2.85,30,72028,95300,1053845,500506,25036,355112,117172,561674,1917407,668198,3653L_GLUT1_WGA_0005
3653,homo,L,Male,1.9,0,Light Flicker,0,3.5999999999999996,30,39215,29562,464725,208107,13894,194967,42917,231412,1020472,287835,3653L_GLUT1_WGA_0005
3653,homo,L,Male,1.9,0,Light Flicker,0,3.3,30,23869,23768,728159,272264,8302,93330,33460,358424,1227126,343019,3653L_GLUT1_WGA_0005
3653,homo,L,Male,1.9,0,Light Flicker,0,2.6999999999999997,30,28214,19775,701843,210685,14875,58133,27731,439188,901565,268365,3653L_GLUT1_WGA_0005
3653,homo,L,Male,1.9,0,Light Flicker,0,2.4,30,9879,4290,183851,78223,5055,14907,7598,106797,269991,97223,3653L_GLUT1_WGA_0005
